Timestamp, j0, j1, j2, j3
0.01,0.0,0.0,0.0,0.0
0.02,0.0,0.007116632510397851,0.004670528962248214,0.001995103206459548
0.03,0.0070001600469189445,0.0030680407322455586,0.00921942674965599,0.005791457232624524
0.04,0.01399255546398448,0.0012919175128273252,0.01111911995176865,0.007683771002399761
0.05,0.02097679056940776,-0.000118448445158888,0.01260686420339429,0.009235972458370233
0.06,0.027952498057350797,-0.0013278832579453584,0.013871521055207899,0.01059387976678865
0.07,0.034919314382461535,-0.002404422946816697,0.014990093965943583,0.011819915356237328
0.08,0.04187687892640588,-0.003384367744022077,0.016003297438296375,0.0129482508332598
0.09,0.04882483382366201,-0.00428988929999491,0.016935821675168147,0.014000173282046901
0.1,0.055762823943904576,-0.012748375847261347,0.025617560408771906,0.014990071449876559
0.11,0.056663843362771305,-0.01932387992919643,0.03273339617103475,0.02183961505900802
0.12,0.05756317981767521,-0.024181928628966398,0.03789721816748807,0.027132934126331977
0.13,0.05846082665807649,-0.028239336898790234,0.042167158982037344,0.031663263125592714
0.14,0.05935678025478923,-0.03180005843688972,0.04588888351779243,0.035705612402532436
0.15,0.06025103787372689,-0.03501234699490257,0.0492292713216431,0.039398139549016664
0.16,0.06114359721432734,-0.037962236460691086,0.05228440310439883,0.04282280151952331
0.17,0.06203445624198141,-0.040705074414724256,0.05511569420145461,0.04603324793760568
0.18,0.06292361311076165,-0.04327901632557523,0.05776525515674544,0.04906699634155974
0.19,0.06381106612218666,-0.04571171163299605,0.06026345999954352,0.05195156434956511
0.2,0.06469681370087947,-0.0480239690857681,0.06263307509004652,0.05470787840055614
0.21,0.06558085437907686,-0.05023192171322463,0.06489168744273915,0.05735231155138363
0.22,0.0664631867861714,-0.05234838134717394,0.06705321821469841,0.05989797200104152
0.23,0.06734380964130172,-0.05438372587139437,0.06912891066602052,0.06235555510115293
0.24,0.0682227217478843,-0.056346502601795585,0.07112799992118686,0.06473392770171797
0.25,0.06909992198943368,-0.058243851648710834,0.07305818155574707,0.06704054131972037
0.26,0.06997540932626763,-0.060081810940792076,0.07492594830726468,0.06928173191425124
0.27,0.07084918279283764,-0.06186554104201349,0.07673683763609691,0.07146294226362064
0.28,0.07172124149551296,-0.06359949415594104,0.07849561740007974,0.07358889013372917
0.29,0.0725915846107002,-0.0652875433913045,0.0802064275658171,0.0756636976170069
0.3,0.08127785233586206,-0.06693308315746622,0.08187289004833519,0.07769099210350726
0.31,0.08993185992610944,-0.06853846696573031,0.08349819081144387,0.07967377964303782
0.32,0.09855248973644366,-0.0701063630611378,0.0850851645527701,0.08161492812453755
0.33,0.10713865245534765,-0.07163915304706946,0.08663633711724235,0.08351700563935947
0.34,0.11568928768591419,-0.07313897334367389,0.08815397055451726,0.08538232289441973
0.35,0.12420336447157496,-0.0746077492360701,0.08964010006692329,0.08721296817791231
0.36,0.132679881766384,-0.07604722307065866,0.09109656456315297,0.0890108364207516
0.37,0.14111786885001543,-0.07745897778452858,0.09252503212000503,0.09077765353184843
0.38,0.14951638568783188,-0.07884445667921408,0.09392702135217947,0.0925149969166004
0.39,0.15787452323656084,-0.08020498014683007,0.09530391946602165,0.09422431288770985
0.4,0.16619140369628532,-0.08154175990398506,0.09665699760503206,0.0959069315264876
0.41,0.17446618070961226,-0.0828559111730099,0.09798742396754051,0.09756407943781423
0.42,0.18269803950903077,-0.08414846316121825,0.0992962750793869,0.09919689075348466
0.43,0.1908861970136031,-0.0854203681201903,0.10058454552906118,0.10080641667001063
0.44,0.1990299018762592,-0.08667250921343972,0.10185315641399259,0.10239363375321764
0.45,0.20712843448307583,-0.0879057073786334,0.10310296270050463,0.10395945119957452
0.46,0.21518110690602268,-0.08912072733709303,0.10433475966339588,0.10550471721049295
0.47,0.22318726281075255,-0.09031828287661553,0.10554928854195816,0.10703022460886145
0.48,0.23114627732108828,-0.09149904151220067,0.10674724152584629,0.1085367158053475
0.49,0.2390575568419319,-0.09266362861193252,0.107929266165315,0.11002488720438627
0.5,0.24692053884238077,-0.09381263106115584,0.10909596928498247,0.1114953931254118
0.51,0.25473469160088247,-0.09494660052655185,0.11024792046773131,0.11294884930311203
0.52,0.2624995139143045,-0.09606605637223187,0.11138565516505068,0.11438583602078453
0.53,0.2702145347728201,-0.09717148827212832,0.1125096774816124,0.11580690092283355
0.54,0.2778793130025373,-0.09826335855645378,0.11362046267481381,0.11721256154576101
0.55,0.2854934368778078,-0.09934210432457019,0.11471845940413694,0.11860330760141471
0.56,0.2930565237051578,-0.10040813935206205,0.1158040917602484,0.11997960304156549
0.57,0.3005682193807812,-0.10146185581598288,0.11687776109962604,0.12134188792893037
0.58,0.3080281979235217,-0.10250362585901339,0.11793984770700597,0.12269058013641379
0.59,0.31543616098525634,-0.10353380301053211,0.11899071230498591,0.12402607689349776
0.6,0.3227918373405675,-0.10455272348027018,0.12003069742760669,0.12534875619629077
0.61,0.3300949823575598,-0.10556070733823357,0.12106012867258911,0.12665897809567533
0.62,0.33734537745164617,-0.10655805959287372,0.12207931584506868,0.12795708587621746
0.63,0.3445428295240852,-0.10754507117802468,0.12308855400409469,0.12924340713697402
0.64,0.35168717038700903,-0.10852201985786442,0.12408812442180407,0.1305182547840141
0.65,0.3587782561766302,-0.10948917105806842,0.12507829546400845,0.13178192794332882
0.66,0.3658159667562712,-0.11044677863038027,0.1260593233999184,0.1330347128018134
0.67,0.3728002051107966,-0.11139508555700263,0.12703145314784736,0.1342768833831423
0.68,0.3797308967339774,-0.11233432460049805,0.1279949189629709,0.1355087022646063
0.69,0.386607989010257,-0.11326471890426448,0.12894994507254742,0.13673042124032095
0.7,0.3934314505923246,-0.11418648254810364,0.12989674626341954,0.13794228193564068
0.71,0.40020127077584294,-0.11509982106292108,0.1308355284261032,0.13914451637710343
0.72,0.40691745887261277,-0.1160049319081747,0.13176648905931773,0.14033734752178612
0.73,0.4135800435833908,-0.11690200491531659,0.1326898177384146,0.1415209897495551
0.74,0.4201890723715191,-0.117791222700145,0.13360569655080892,0.14269564932134907
0.75,0.42674461083845466,-0.11867276104669186,0.134514300501209,0.1438615248063212
0.76,0.4332467421022255,-0.11954678926501423,0.1354157978891627,0.14501880748039395
0.77,0.43969556617977834,-0.1282136018651567,0.1363103506611953,0.14616768169853564
0.78,0.44261867570022123,-0.13684085286912154,0.13720137723418355,0.14731254292997734
0.79,0.4414677068342437,-0.1454318745599154,0.13808896062321652,0.14845356928283046
0.8,0.43664476689244563,-0.15398971946849158,0.1389731195661184,0.14959086918119685
0.81,0.4335803895992764,-0.16251665099343768,0.13985382254107304,0.15072447685834212
0.82,0.43133125147191537,-0.17101211938135125,0.1407311381414449,0.1518544250181185
0.83,0.42955266223858685,-0.1794761584701684,0.141605127165493,0.1529807594114493
0.84,0.42808044343856183,-0.18790901329391707,0.14247584725913182,0.15410353044421563
0.85,0.42682360334772823,-0.1963110249422681,0.15115091529799712,0.15522279030332342
0.86,0.4256211561516923,-0.20448430932243275,0.1596783221305571,0.15629441114586434
0.87,0.42446603018297996,-0.21244270038706994,0.1680613775817416,0.15732256563477431
0.88,0.42335247214149513,-0.22019896068307487,0.17630390102869858,0.15831092446670836
0.89,0.4222757370077735,-0.22776485152867285,0.1844100187953758,0.15926272885712092
0.9,0.4212318640740917,-0.23515120795561065,0.19238401833282753,0.16018085142458321
0.91,0.42021751192557444,-0.2423680137795512,0.20023024397971487,0.16106784738469848
0.92,0.4192298346951176,-0.24942447404340298,0.20795302317464762,0.16964935031836467
0.93,0.41823434326121933,-0.256145759112001,0.2153145770398081,0.17788225246262585
0.94,0.41723093807928324,-0.26257256969058024,0.22235975364989768,0.1858066548195372
0.95,0.4162195175652171,-0.2687379449347769,0.22912484064092203,0.19345537454571113
0.96,0.4151999781124642,-0.274669146408259,0.23563969059452883,0.20085568886102534
0.97,0.41417221409224564,-0.2803889842067382,0.24192921247495552,0.2080305733291374
0.98,0.4131361178421046,-0.2859167750212181,0.24801444604282563,0.21499960359683848
0.99,0.41209157964597243,-0.291269049948331,0.25391335351628913,0.22177962647294247
1.0,0.4110384877078569,-0.2964600876820094,0.2596414144491143,0.22838526886808005
1.01,0.4099767281205565,-0.301502323078082,0.26521208050449363,0.23482933022101368
1.02,0.40890618483036134,-0.30640666498557095,0.2706371284606875,0.24112308955791206
1.03,0.40782673959840604,-0.3111827468456046,0.2759269379700199,0.24727654891908463
1.04,0.406738271959145,-0.3158391266809608,0.28109071279108283,0.25329862861901964
1.05,0.4056406591762822,-0.32038344844601785,0.2861366589467698,0.2591973255390253
1.06,0.40453377619639247,-0.32482257349587806,0.29107212963320644,0.2649798426909455
1.07,0.40341749560040313,-0.3291626886777535,0.29590374416113796,0.2706526961993983
1.08,0.40229168755305433,-0.33340939593729707,0.30063748639867827,0.276221804349594
1.09,0.40115621975041943,-0.33756778716576447,0.3052787868732296,0.28169256225549716
1.1,0.4000109573655387,-0.3416425071570287,0.3098325917291235,0.28706990489730155
1.11,0.3988557629921992,-0.3456378069063656,0.3143034210239273,0.2923583606754601
1.12,0.39769049658687555,-0.34955758900378264,0.31869541831048764,0.2975620971741043
1.13,0.3965150154088352,-0.35340544651048783,0.3230123930450726,0.3026849604799491
1.14,0.39532917395840006,-0.35718469642757084,0.32725785705024585,0.30773050913563826
1.15,0.3941328239133483,-0.3608984086494598,0.33143505601996825,0.3127020435988173
1.16,0.3929258140634333,-0.36454943112558075,0.33554699686629424,0.31760263191542787
1.17,0.39170799024299097,-0.36814041182046353,0.3395964715590755,0.3224351321871047
1.18,0.3904791952616012,-0.37167381795688365,0.34358607799285346,0.3272022123101964
1.19,0.389239268832766,-0.37515195294222065,0.34751823832157425,0.33190636738190615
1.2,0.38798804750056154,-0.3785769713103371,0.3513952151266194,0.33654993510288744
1.21,0.38672536456421985,-0.3819508919563569,0.3552191257229086,0.34113510945194514
1.22,0.3854510500005912,-0.3852756098970179,0.35899195485844876,0.3456639528646696
1.23,0.38416493038443694,-0.38855290675268345,0.36271556602232974,0.3501384071118734
1.24,0.3828668288064985,-0.39178446011699514,0.3663917115429789,0.3545603030440357
1.25,0.38155656478928796,-0.39497185195525675,0.3700220416310754,0.35893136934336967
1.26,0.38023395420054074,-0.3981165761519586,0.3736081124987706,0.3632532404046502
1.27,0.3788988091642716,-0.4012200453105944,0.37715139366789063,0.36752746344880777
1.28,0.37755093796937134,-0.4042835968944573,0.3806532745639111,0.3717555049589049
1.29,0.3761901449756799,-0.40730849878493,0.3841150704791374,0.3759387565159733
1.3,0.37481623051747076,-0.4102959543234986,0.387538027977249,0.38007854010191405
1.31,0.37342899080427877,-0.4132471068950011,0.39092332980181427,0.38417611292793036
1.32,0.3720282178190021,-0.41616304410219696,0.39427209934325663,0.38823267183951515
1.33,0.37061369921320786,-0.41904480157540935,0.39758540471182485,0.3922493573426443
1.34,0.3691852181995691,-0.42189336645556025,0.4008642624581842,0.3962272572903561
1.35,0.3677425534413591,-0.42470968058425296,0.4041096409781506,0.4001674102641884
1.36,0.3662854789389283,-0.4274946434305338,0.4073224636337012,0.40407080868087697
1.37,0.36481376391308795,-0.4302491147804873,0.41050361161860166,0.40793840165119644
1.38,0.3633271726853219,-0.4329739172128044,0.4136539265937064,0.4117710976147655
1.39,0.36182546455474934,-0.43566983838084306,0.4167742131141353,0.4155697667719741
1.4,0.36030839367175865,-0.43833763311941465,0.41986524086804317,0.41933524333186606
1.41,0.3587757089082322,-0.44097802539253844,0.42292774674453076,0.4230683275927735
1.42,0.35722715372428154,-0.443591710096654,0.4259624367463464,0.42676978787071634
1.43,0.3556624660314125,-0.44617935473225123,0.42896998776136086,0.43044036228900956
1.44,0.354081378052038,-0.44874160095552645,0.43195104920533495,0.4340807604411387
1.45,0.3524836161752584,-0.45127906602048373,0.4349062445472074,0.4376916649377426
1.46,0.350868900808828,-0.4537923441208495,0.43783617272699227,0.44127373284746274
1.47,0.34923694622722745,-0.45628200764023774,0.4407414094753667,0.44482759704046004
1.48,0.3475874604157634,-0.45874860831817765,0.4436225085431355,0.4483538674425494
1.49,0.34592014491061623,-0.4611926783388827,0.44648000284796624,0.4518531322071457
1.5,0.34423469463476075,-0.46361473134898584,0.44931440554508156,0.45532595881153876
1.51,0.34253079772968476,-0.4660152634098838,0.4521262110279662,0.4587728950834136
1.52,0.340808135382834,-0.4683947538898135,0.4549158958645831,0.4621944701629912
1.53,0.33906638165071556,-0.47075366630031623,0.4576839196740915,0.4655911954056827
1.54,0.33730520327759445,-0.4730924490813299,0.46043072594860807,0.46896356522971683
1.55,0.3355242595097233,-0.47541153633877276,0.4631567428241482,0.4723120579128083
1.56,0.33372320190505034,-0.47771134853814634,0.4658623838045214,0.47563713634158666
1.57,0.33190167413835603,-0.4799922931573817,0.4685480484416275,0.47893924871718613
1.58,0.3300593118017766,-0.48225476530187816,0.47121412297530585,0.48221882922011244
1.59,0.32819574220068004,-0.48449914828443896,0.47386098093562223,0.48547629863724484
1.6,0.3263105841448686,-0.48672581417258126,0.4764889837102401,0.48871206495359565
1.61,0.3244034477350932,-0.4889351243054992,0.4790984810793025,0.49192652391123975
1.62,0.32247393414487585,-0.4911274297827723,0.4816898117200551,0.4951200595376325
1.63,0.32052163539764794,-0.49330307192674666,0.4842633036832618,0.4982930446453603
1.64,0.31854613413922983,-0.4954623827203633,0.4868192748433005,0.5014458413052084
1.65,0.3165470034056895,-0.49760568522207216,0.4893580333236798,0.5045788012942862
1.66,0.31452380638663896,-0.4997332939593427,0.49187987789958193,0.5076922665208172
1.67,0.3124760961840463,-0.5018455153021683,0.49438509837891487,0.5107865694270798
1.68,0.3104034155666626,-0.5039426478178572,0.49687397596324334,0.5138620333718765
1.69,0.30830529672018986,-0.5060249826083072,0.4993467835898673,0.516918972993806
1.7,0.30618126099334153,-0.5080928036308712,0.5018037862562211,0.5199576945565197
1.71,0.3040308186399793,-0.5101463880038449,0.5042452413276829,0.5229784962770634
1.72,0.30185346855754197,-0.5121860062975305,0.5066713988298015,0.5259816686383197
1.73,0.29964869802202093,-0.5142119228117631,0.5090825017258808,0.5289674946865035
1.74,0.2974159824197759,-0.5162243958407267,0.5114787861807896,0.5319362503145899
1.75,0.29515478497653125,-0.5182236779258266,0.5138604818118091,0.5348882045324976
1.76,0.29286455648394155,-0.5202100160973337,0.5162278119272702,0.5378236197247926
1.77,0.29054473502416966,-0.5221836521054669,0.5185809937536836,0.5407427518966275
1.78,0.2881947456929802,-0.5241448226415348,0.5209202386520168,0.543645850908581
1.79,0.28581400032191673,-0.5260937595497186,0.5232457523237282,0.5465331607010229
1.8,0.28340189720020176,-0.5280306900300339,0.5255577350071285,0.549404919508583
1.81,0.28095782079707743,-0.5299558368329811,0.5278563816646026,0.5522613600652709
1.82,0.2784811414853895,-0.5318694184463538,0.5301418821611871,0.5551027098007547
1.83,0.2759712152673103,-0.5337716492746489,0.5324144214349731,0.5579291910282743
1.84,0.27342738350319806,-0.53566273981149,0.5346741796597666,0.560741021124638
1.85,0.2708489726447,-0.5375428968054521,0.5369213324004176,0.5635384127027195
1.86,0.26823529397332596,-0.5394123234196465,0.539156050761199,0.566321573776849
1.87,0.2655856433458516,-0.5412712193854072,0.5413785015275963,0.5690907079214652
1.88,0.2628993009480492,-0.5431197811503911,0.5435888473018444,0.5718460144233769
1.89,0.26017553105839925,-0.5449582020213898,0.5457872466325296,0.5745876884279556
1.9,0.2574135818236014,-0.5467866723021291,0.5479738541385534,0.577315921079567
1.91,0.2546126850478823,-0.5486053794263118,0.5501488206277402,0.5800308996565262
1.92,0.25177205599829255,-0.5504145080861468,0.5523122932103529,0.5827328077008475
1.93,0.24889089322839306,-0.5522142403565855,0.5544644154077646,0.5854218251430406
1.94,0.24596837842295718,-0.5540047558154766,0.556605327256522,0.5880981284221929
1.95,0.24300367626655564,-0.5557862316598294,0.558735165408023,0.5907618906015598
1.96,0.23999593433915167,-0.5575588428183673,0.5608540632240173,0.5934132814798762
1.97,0.2369442830421125,-0.5593227620605329,0.5629621508681281,0.5960524676985834
1.98,0.23384783555833955,-0.5610781601020992,0.5650595553935844,0.5986796128451616
1.99,0.23070568785053827,-0.5628252057075233,0.5671464008273415,0.6012948775527371
2.0,0.2275169187019869,-0.5645640657891681,0.5692228082507569,0.6038984195961338
2.01,0.22428058980452184,-0.5662949055035064,0.5712888958769861,0.6064903939845175
2.02,0.22099574589883916,-0.5680178883444063,0.5733447791252487,0.6090709530507807
2.03,0.21766141497261335,-0.5697331762335873,0.5753905706921119,0.6116402465377997
2.04,0.21427660852235866,-0.5714409296083239,0.5774263806199301,0.6141984216816915
2.05,0.21084032188540341,-0.5731413075064592,0.5794523163625764,0.6167456232921874
2.06,0.20735153464881242,-0.5748344676487822,0.5814684828485907,0.6192819938302319
2.07,0.2038092111425775,-0.5765205665188079,0.58347498254187,0.621807673482908
2.08,0.20021230102489732,-0.5781997594399874,0.5854719155000193,0.624322800235784
2.09,0.19655973996788592,-0.5798722006503626,0.5874593794304755,0.6268275099427655
2.1,0.19285045045257684,-0.5815380433746683,0.589437469744518,0.629321936393534
2.11,0.18908334268262933,-0.5831974398938695,0.5914062796092713,0.6318062113786425
2.12,0.18525731562668396,-0.5848505416121098,0.5933658999978058,0.6342804647523341
2.13,0.18137125819985456,-0.5864974991210333,0.5953164197374384,0.6367448244931417
2.14,0.1774240505953763,-0.5881384622614271,0.5972579255563345,0.6391994167623203
2.15,0.17341456577794298,-0.5897735801821177,0.5991905021285073,0.641644365960158
2.16,0.16934167115075638,-0.591403001396041,0.6011142321173158,0.6440797947802037
2.17,0.16520423040876073,-0.5930268738333879,0.6030291962175537,0.6465058242614452
2.18,0.1610011055909371,-0.5946453448917158,0.6049354731962274,0.6489225738384625
2.19,0.156731159344868,-0.596258561482896,0.6068331399321181,0.6513301613895779
2.2,0.1523932574170351,-0.5978666700767556,0.6087222714542213,0.6537287032830158
2.21,0.14798627138246656,-0.5994698167412531,0.610602940979162,0.6561183144210808
2.22,0.1435090816273793,-0.6010681471790108,0.6124752199476783,0.6584991082823557
2.23,0.1389605805983442,-0.6026618067600137,0.6143391780602714,0.6608711969619159
2.24,0.13433967633121296,-0.604250940550264,0.6161948833121194,0.6632346912095496
2.25,0.12964529627255383,-0.6058356933361676,0.6180424020273517,0.6655897004659709
2.26,0.12487639140561896,-0.6074162096444121,0.6198817988927846,0.6679363328970017
2.27,0.12003194069187752,-0.6089926337570806,0.6217131369912172,0.6702746954257004
2.28,0.11511095583785808,-0.6105651097217321,0.6235364778343901,0.6726048937624041
2.29,0.11011248639541678,-0.612133781356167,0.6253518813957093,0.6749270324326502
2.3,0.10503562520154788,-0.6136987922475827,0.6271594061428384,0.6772412148029385
2.31,0.09987951416143924,-0.6152602857458166,0.6289591090702641,0.6795475431042901
2.32,0.09464335037561832,-0.6168184049503663,0.6307510457319407,0.6818461184535577
2.33,0.08932639260869082,-0.6183732926908712,0.6325352702741175,0.684137040872439
2.34,0.08392796809332156,-0.6199250915007385,0.6343118354684548,0.6864204093041429
2.35,0.07844747965871642,-0.6214739435835995,0.6360807927455343,0.6886963216276583
2.36,0.07288441316791609,-0.6230199907722872,0.637842192228864,0.690964874669575
2.37,0.06723834524270018,-0.6245633744800375,0.6395960827694809,0.6932261642134087
2.38,0.06150895124882534,-0.6261042356436344,0.6413425119812477,0.6954802850063818
2.39,0.055696013507701175,-0.6276427146582383,0.6430815262769372,0.6977273307636216
2.4,0.0497994296934729,-0.6291789513036696,0.6448131709051926,0.6999673941697356
2.41,0.043819221366890794,-0.6307130846619518,0.6465374899884455,0.702200566877739
2.42,0.03775554258937091,-0.6322452530259631,0.6482545265618653,0.7044269395053108
2.43,0.031608688552393654,-0.6337755937990984,0.6499643226134024,0.7066466016283738
2.44,0.025379104148975255,-0.6353042433858987,0.6516669191249812,0.708859641771999
2.45,0.019067392405531527,-0.6368313370736787,0.65336235611488,0.7110661473986568
2.46,0.012674322684223055,-0.6383570089052542,0.655050672681326,0.7132662048938487
2.47,0.006200838558033754,-0.639881391542961,0.6567319070473134,0.7154598995491773
2.48,-0.00035193474636739577,-0.6414046161242465,0.6584060966066367,0.7176473155429299
2.49,-0.00698268344924089,-0.6429268121092174,0.6600732779711115,0.7198285359182751
2.5,-0.013689898978256083,-0.6444481071206362,0.6617334870189332,0.7220036425591971
2.51,-0.020471872508887698,-0.6459686267769693,0.6633867589441035,0.724172716164317
2.52,-0.027326690406678927,-0.6474884945192108,0.6650331283068278,0.7263358362187787
2.53,-0.03425223069316388,-0.6490078314323219,0.6666726290847664,0.7284930809644045
2.54,-0.04124616065476136,-0.6505267560622537,0.6683052947249941,0.7306445273683527
2.55,-0.048305935708909446,-0.6520453842296322,0.669931158196499,0.7327902510905405
2.56,-0.05542879963391547,-0.6535638288413071,0.6715502520430293,0.7349303264501175
2.57,-0.06261178625831691,-0.6550821997010703,0.6731626084360696,0.7370648263913052
2.58,-0.06985172269193497,-0.6566006033209487,0.6747682592277077,0.7391938224489418
2.59,-0.07714523416428298,-0.658119142734566,0.6763672360031358,0.7413173847140863
2.6,-0.08448875051670342,-0.6596379173141311,0.6779595701325069,0.7434355818000624
2.61,-0.09187851437278191,-0.6611570225926724,0.6795452928218609,0.7455484808093272
2.62,-0.09931059098757831,-0.6626765500931578,0.6811244351628154,0.7476561473015657
2.63,-0.10678087975046854,-0.6641965871661576,0.6826970281807208,0.7497586452634074
2.64,-0.11428512728946438,-0.66571721683768,0.6842631028809681,0.7518560370801677
2.65,-0.12181894209740847,-0.6672385176687751,0.6858226902931507,0.7539483835099988
2.66,-0.12937781057313058,-0.6687605636284206,0.6873758215127804,0.7560357436608283
2.67,-0.13695711434425206,-0.6702834239811147,0.6889225277402858,0.7581181749704334
2.68,-0.14455214871360053,-0.6718071631904662,0.690462840317024,0.7601957331899832
2.69,-0.15215814204888872,-0.6733318408399306,0.6919967907580783,0.7622684723713322
2.7,-0.15977027591613202,-0.6748575115716628,0.6935244107816303,0.764336444858325
2.71,-0.16738370574183378,-0.6763842250442655,0.6950457323347364,0.7663997012823172
2.72,-0.17499358177778354,-0.6779120259100064,0.6965607876153719,0.768458290562076
2.73,-0.18259507013575677,-0.6794409538118545,0.6980696090906463,0.7705122599081715
2.74,-0.19018337365771146,-0.6809710434004603,0.6995722295111375,0.7725616548319149
2.75,-0.19775375239030715,-0.6825023243709746,0.7010686819213306,0.7746065191588504
2.76,-0.2053015434406201,-0.6840348215193714,0.7025589996661932,0.776646895046752
2.77,-0.21282218000253572,-0.6855685548177248,0.7040432163939598,0.7786828230080234
2.78,-0.22031120936004794,-0.6871035395076767,0.7055213660552406,0.7807143419363506
2.79,-0.22776430969403869,-0.6886397862111432,0.7069934828986006,0.7827414891374116
2.8,-0.23517730554240937,-0.6901773010571363,0.7084596014627981,0.7847643003634044
2.81,-0.24254618178896814,-0.6917160858234228,0.7099197565658953,0.7867828098511163
2.82,-0.24986709608347274,-0.6932561380916242,0.7113739832914846,0.7887970503632282
2.83,-0.2571363896229306,-0.6947974514142571,0.7128223169722879,0.790807053232523
2.84,-0.2643505962519046,-0.6963400154921476,0.7142647931714148,0.792812848408641
2.85,-0.27150644986647576,-0.697883816360606,0.7157014476615612,0.7948144645070231
2.86,-0.2786008901320388,-0.6994288365827311,0.7171323164024506,0.7968119288596652
2.87,-0.28563106654871895,-0.7009750554482241,0.7185574355168106,0.798805267567313
2.88,-0.29259434091947567,-0.7025224491761195,0.7199768412651804,0.8007945055527269
2.89,-0.299488288294561,-0.7040709911198951,0.7213905700198365,0.802779666614658
2.9,-0.30631069648173453,-0.7056206519734934,0.7227986582381117,0.8047607734821904
2.91,-0.3130595642243858,-0.707171399976871,0.7242011424353683,0.8067378478691207
2.92,-0.3197330981594727,-0.7087232011197944,0.7255980591578723,0.8087109105280689
2.93,-0.3263297086740407,-0.7102760193427072,0.7269894449557974,0.8106799813040343
2.94,-0.33284800478318227,-0.7118298167336075,0.7283753363565607,0.812645079187142
2.95,-0.3392867881538536,-0.713384553719995,0.7297557698386793,0.8146062223643452
2.96,-0.34564504639823707,-0.7149401892550703,0.731130781806313,0.8165634282698775
2.97,-0.35192194575760843,-0.7164966809974824,0.7325004085646322,0.8185167136342802
2.98,-0.3581168232932423,-0.7180539854840454,0.7338646862961367,0.8204660945318503
2.99,-0.3642291786950713,-0.7196120582949511,0.7352236510380225,0.8224115864263858
3.0,-0.37025866581189965,-0.7211708542111173,0.7365773386606795,0.8243532042151285
3.01,-0.37620508399924996,-0.7227303273634076,0.7379257848473831,0.8262909622708249
3.02,-0.3820683693726514,-0.7242904313735542,0.7392690250752227,0.8282248744818542
3.03,-0.3878485860455951,-0.7258511194866972,0.7406070945972983,0.8301549542903854
3.04,-0.3935459174226987,-0.7274123446955336,0.7419400284262003,0.8320812147285483
3.05,-0.39916065761001385,-0.728974059856133,0.7432678613187714,0.8340036684526202
3.06,-0.4046932029960294,-0.7305362177955391,0.744590627762145,0.8359223277752409
3.07,-0.41014404404888305,-0.7320987714113272,0.7459083619610384,0.837837204695685
3.08,-0.41551375736769625,-0.7336616737633282,0.747221097826273,0.8397483109282301
3.09,-0.4208029980188524,-0.7352248781577714,0.7485288689644883,0.8416556579286685
3.1,-0.42601249218149756,-0.7367883382241193,0.7498317086690055,0.8435592569190188
3.11,-0.43114303012057803,-0.7383520079848999,0.751129649911799,0.8454591189104991
3.12,-0.43619545950035593,-0.73991584191885,0.7524227253365234,0.8473552547248289
3.13,-0.4411706790465529,-0.7414797950177009,0.7537109672525466,0.8492476750139301
3.14,-0.4460696325610524,-0.7430438228369427,0.754994407629933,0.8511363902781011
3.15,-0.45089330328941923,-0.7446078815409065,0.7562730780953238,0.853021410882738
3.16,-0.4556427086383366,-0.7461719279425045,0.7575470099286594,0.854902747073679
3.17,-0.4603188952373912,-0.747735919537963,0.7588162340606877,0.8567804089912469
3.18,-0.4649229343374045,-0.7492998145368799,0.760080781071205,0.8586544066830657
3.19,-0.4694559175356911,-0.750863571887927,0.761340681187977,0.8605247501157242
3.2,-0.47391895281716784,-0.7524271513005113,0.7625959642862871,0.8623914491853584
3.21,-0.47831316089911174,-0.7539905132626958,0.7638466598890623,0.8642545137272235
3.22,-0.48263967186653267,-0.755553619055669,0.7650927971675301,0.8661139535243233
3.23,-0.4868996220845432,-0.7571164307650401,0.7663344049423583,0.8679697783151605
3.24,-0.4910941513737544,-0.7586789112892233,0.7675715116852355,0.8698219978006732
3.25,-0.49522440043455707,-0.7602410243451597,0.7688041455208507,0.8716706216504136
3.26,-0.49929150850614307,-0.7618027344716138,0.770032334229231,0.8735156595080308
3.27,-0.5032966112462536,-0.7633640070302659,0.7712561052484032,0.8753571209961051
3.28,-0.5072408388178827,-0.7649248082048092,0.7724754856773429,0.87719501572039
3.29,-0.511125314169501,-0.7664851049982474,0.7736905022791793,0.8790293532735082
3.3,-0.5149511514957698,-0.7680448652285732,0.7749011814846245,0.8808601432381449
3.31,-0.5187194548661822,-0.7696040575230003,0.7761075493956008,0.8826873951897842
3.32,-0.5224313170095718,-0.7711626513109044,0.7773096317890388,0.8845111186990255
3.33,-0.5260878182429665,-0.7727206168156201,0.7785074541208228,0.8863313233335179
3.34,-0.5296900255338203,-0.7742779250452295,0.7797010415298613,0.8881480186595475
3.35,-0.5332389916852219,-0.7758345477824664,0.7808904188422612,0.8899612142433092
3.36,-0.5367357546342468,-0.7773904575738512,0.7820756105755882,0.8917709196518936
3.37,-0.5401813368541846,-0.7789456277181623,0.7832566409431964,0.8935771444540157
3.38,-0.5435767448519312,-0.7805000322543408,0.7844335338586098,0.895379898220512
3.39,-0.5469229687523802,-0.7820536459489162,0.7856063129399438,0.8971791905246287
3.4,-0.550220981962172,-0.783606444283035,0.7867750015143509,0.898975030942124
3.41,-0.5534717409056753,-0.7851584034391649,0.7879396226224825,0.9007674290512041
3.42,-0.5566761848265614,-0.7867095002875416,0.7891001990229529,0.902556394432311
3.43,-0.5598352356488002,-0.7882597123724199,0.7902567531967979,0.9043419366677802
3.44,-0.5629497978913552,-0.7898090178981815,0.7914093073519188,0.9061240653413828
3.45,-0.5660207586312769,-0.7913573957153521,0.7925578834275054,0.9079027900377672
3.46,-0.5690489875102924,-0.79290482530657,0.7937025030984286,0.9096781203418126
3.47,-0.5720353367803712,-0.7944512867725463,0.7948431877795995,0.9114500658379078
3.48,-0.5749806413840964,-0.7959967608180544,0.7959799586302885,0.9132186361091637
3.49,-0.5778857190660099,-0.7975412287379778,0.7971128365583987,0.914983840736572
3.5,-0.5807513705114079,-0.7990846724034474,0.7982418422246922,0.9167456892981178
3.51,-0.5835783795093548,-0.8006270742480902,0.7993669960469626,0.918504191367854
3.52,-0.5863675131369588,-0.8021684172544146,0.8004883182041534,0.9202593565149456
3.53,-0.5891195219622014,-0.8037086849403491,0.8016058286404187,0.9220111943026905
3.54,-0.5918351402628493,-0.805247861345953,0.802719547069123,0.9237597142875226
3.55,-0.5945150862591975,-0.8067859310203124,0.8038294929767805,0.9255049260180023
3.56,-0.5971600623585906,-0.8083228790086338,0.8049356856269314,0.9272468390338003
3.57,-0.5997707554098607,-0.8098586908395478,0.8060381440639528,0.9289854628646783
3.58,-0.6023478369659866,-0.8113933525126296,0.807136887116806,0.9307208070294697
3.59,-0.604891963553447,-0.8129268504861444,0.8082319334027173,0.9324528810350664
3.6,-0.6074037769468781,-0.8144591716650245,0.8093233013307934,0.9341816943754113
3.61,-0.609883904447788,-0.8159903033890805,0.8104110091055705,0.9359072565305023
3.62,-0.6123329591662008,-0.8175202334214535,0.8114950747304966,0.9376295769654083
3.63,-0.614751540304219,-0.8190489499373076,0.8125755160113493,0.9393486651292994
3.64,-0.6171402334405964,-0.8205764415127658,0.813652350559586,0.9410645304544951
3.65,-0.6194996108155111,-0.8221026971140905,0.8147255957956306,0.9427771823555289
3.66,-0.6218302316148138,-0.8236277060871079,0.815795268952095,0.9444866302282328
3.67,-0.6241326422531096,-0.8251514581468754,0.816861387076935,0.9461928834488431
3.68,-0.6264073766551027,-0.8266739433675919,0.8179239670365455,0.9478959513731271
3.69,-0.6286549565347004,-0.8281951521727486,0.8189830255187909,0.9495958433355316
3.7,-0.6308758916714357,-0.8297150753255185,0.8200385790359748,0.9512925686483555
3.71,-0.6330706801838208,-0.8312337039193812,0.8210906439277484,0.952986136600945
3.72,-0.6352398087992975,-0.8327510293689825,0.8221392363639598,0.9546765564589127
3.73,-0.6373837531204909,-0.8342670434012219,0.823184372347443,0.9563638374633813
3.74,-0.6395029778875218,-0.8357817380465691,0.8242260677167504,0.958047988830251
3.75,-0.6415979372361645,-0.8372951056306013,0.8252643381488275,0.9597290197494919
3.76,-0.6436690749516749,-0.8388071387657617,0.8262991991616322,0.9614069393844599
3.77,-0.6457168247181407,-0.8403178303433323,0.8273306661166994,0.9630817568712375
3.78,-0.6477416103632392,-0.841827173525618,0.8283587542216516,0.9647534813179992
3.79,-0.6497438460983059,-0.8433351617383381,0.8293834785326573,0.9664221218043993
3.8,-0.6517239367536465,-0.8448417886632209,0.8304048539568372,0.9680876873809856
3.81,-0.6536822780090398,-0.8463470482307964,0.8314228952546212,0.9697501870686346
3.82,-0.6556192566194008,-0.8478509346133836,0.8324376170420551,0.9714096298580113
3.83,-0.6575352506355868,-0.8493534422182676,0.8334490337930588,0.9730660247090509
3.84,-0.6594306296203456,-0.8508545656810625,0.8344571598416384,0.9747193805504637
3.85,-0.6613057548594162,-0.8523542998592556,0.835462009384051,0.9763697062792615
3.86,-0.6631609795678055,-0.8538526398259277,0.8364635964809257,0.9780170107603056
3.87,-0.6649966490912721,-0.8553495808636478,0.8374619350593389,0.9796613028258767
3.88,-0.6668131011030599,-0.8568451184585336,0.8384570389148477,0.981302591275265
3.89,-0.6686106657959292,-0.8583392482944792,0.8394489217134814,0.9829408848743802
3.9,-0.6703896660695418,-0.8598319662475397,0.8404375969936908,0.984576192355383
3.91,-0.6721504177132607,-0.861323268380474,0.8414230781682585,0.9862085224163334
3.92,-0.6738932295844323,-0.8628131509374386,0.8424053785261693,0.9878378837208606
3.93,-0.67561840378222,-0.8643016103388284,0.8433845112344429,0.9894642848978493
3.94,-0.6773262358170646,-0.8657886431762627,0.8443604893399294,0.9910877345411454
3.95,-0.6790170147758487,-0.8672742462077107,0.8453333257710671,0.9927082412092777
3.96,-0.6806910234828442,-0.8687584163527529,0.846303033339607,0.9943258134251979
3.97,-0.6823485386565248,-0.8702411506879756,0.8472696247423,0.9959404596760366
3.98,-0.683989831062327,-0.8717224464424942,0.8482331125625528,0.9975521884128751
3.99,-0.6856151656614434,-0.8732023009936017,0.8491935092720487,0.9991610080505331
4.0,-0.6872248017557326,-0.8746807118625395,0.8501508272323375,1.0007669269673716
4.01,-0.6888189931288331,-0.8761576767103859,0.8511050786963931,1.00236995350511
4.02,-0.6903979881835642,-0.8776331933340611,0.8520562758101411,1.0039700959686584
4.03,-0.6919620300757022,-0.879107259662443,0.8530044306139561,1.005567362625962
4.04,-0.6935113568442144,-0.8805798737525926,0.85394955504413,1.007161761707861
4.05,-0.6950462015380373,-0.8820510337860851,0.8548916609343109,1.008753301407961
4.06,-0.696566792339483,-0.8835207380654428,0.8558307600169159,1.0103419898825188
4.07,-0.6980733526843562,-0.8849889850106698,0.8567668639245152,1.0119278352503374
4.08,-0.6995661013788642,-0.8864557731558813,0.8576999841911902,1.0135108455926742
4.09,-0.7010452527134018,-0.8879211011460294,0.8586301322538661,1.0150910289531612
4.1,-0.7025110165732905,-0.8893849677337188,0.8595573194536188,1.0166683933377343
4.11,-0.703963598546551,-0.8908473717761123,0.8604815570369574,1.0182429467145744
4.12,-0.7054032000287861,-0.8923083122319224,0.8614028561570827,1.0198146970140585
4.13,-0.7068300183252512,-0.8937677881584868,0.862321227875122,1.0213836521287207
4.14,-0.7082442467501854,-0.8952257987089255,0.8632366831613413,1.022949819913222
4.15,-0.7096460747234778,-0.8966823431293768,0.8641492328963348,1.0245132081843307
4.16,-0.7110356878647406,-0.8981374207563103,0.8650588878721931,1.0260738247209094
4.17,-0.7124132680848575,-0.8995910310139148,0.8659656587936493,1.027631677263913
4.18,-0.7137789936750794,-0.9010431734115582,0.8668695562792053,1.0291867735163929
4.19,-0.7151330393937306,-0.902493847541318,0.8677705908622366,1.0307391211435109
4.2,-0.716475576550595,-0.9039430530755805,0.8686687729920785,1.0322887277725588
4.21,-0.7178067730890425,-0.9053907897647061,0.8695641130350916,1.0338356009929863
4.22,-0.7191267936659614,-0.906837057434759,0.8704566212757099,1.0353797483564364
4.23,-0.7204357997295561,-0.9082818559852994,0.8713463079174687,1.0369211773767868
4.24,-0.7217339495950694,-0.9097251853872377,0.8722331830840159,1.0384598955301976
4.25,-0.7230213985184889,-0.9111670456807459,0.8731172568201047,1.0399959102551661
4.26,-0.7242982987682913,-0.9126074369732281,0.8739985390925694,1.0415292289525875
4.27,-0.7255647996952832,-0.9140463594373455,0.8748770397912848,1.0430598589858202
4.28,-0.7268210478005881,-0.9154838133090962,0.875752768730108,1.0445878076807582
4.29,-0.728067186801835,-0.9169197988859478,0.8766257356478051,1.0461130823259077
4.3,-0.7293033576975971,-0.91835431652502,0.8774959502089617,1.0476356901724695
4.31,-0.7305296988301311,-0.9197873666413182,0.8861706681681264,1.0491556384344256
4.32,-0.7318504935546066,-0.9212204869409456,0.8948086241119261,1.0506685689391895
4.33,-0.7332803989680186,-0.9226538031154217,0.9034095948739865,1.0521746607452518
4.34,-0.7348377545917576,-0.9240874525872402,0.91197333892628,1.0536740939993525
4.35,-0.7365459296350011,-0.925521587512966,0.920499589769101,1.0551670508852382
4.36,-0.7384353488130441,-0.9269563788714306,0.9289880469953256,1.0566537168802295
4.37,-0.7405466529789124,-0.928392022178635,0.9374383638380246,1.058134282471651
4.38,-0.742935854080262,-0.9298287457327139,0.9458501292054852,1.0596089455855076
4.39,-0.7456832135640094,-0.9312668229720328,0.9542228406886196,1.0610779151675616
4.4,-0.7489096188626825,-0.9327065918931311,0.9625558619651715,1.0625414167321352
4.41,-0.7528096076170009,-0.9341484874431345,0.9708483513354782,1.0639997015071223
4.42,-0.7577265520680488,-0.935593099971733,0.9790991318933026,1.0654530627601375
4.43,-0.7643568316991065,-0.9370412927467298,0.9873064285538574,1.066901868302654
4.44,-0.7653699384017791,-0.9384944790248582,0.9954672430875104,1.0683466364273273
4.45,-0.7675146241124305,-0.9399483775120854,1.0035927607295099,1.0697864667436867
4.46,-0.76549562943358,-0.9414039250725037,1.0116808785817983,1.0712217215576219
4.47,-0.7637073086468306,-0.9428578770104703,1.019739305015266,1.0726516601348084
4.48,-0.7627661180344172,-0.9443104245486896,1.027767425510696,1.0740764156434652
4.49,-0.7563572447361051,-0.9457622631224739,1.0357635691229472,1.0754962656626874
4.5,-0.7514655303107513,-0.9472089369225842,1.043737053948991,1.0769100178713644
4.51,-0.7475012862861733,-0.94865163556175,1.0516848557561156,1.0783180536317716
4.52,-0.7441625541108419,-0.9500910957333588,1.0596050728321715,1.0797206409595892
4.53,-0.7412741232892724,-0.951527822118135,1.0674963871770775,1.0811179901507748
4.54,-0.7387253061951283,-0.9529621847747192,1.075357824697294,1.0825102780530127
4.55,-0.7364417211712859,-0.9543944687196334,1.0831886319252104,1.083897660295774
4.56,-0.7343709792533647,-0.9558249018121282,1.0909882059784388,1.0852802781004527
4.57,-0.7324747914097292,-0.9572536716316838,1.0987560517197672,1.0866582623633054
4.58,-0.7307243249051746,-0.9586809362864875,1.1064917540208044,1.0880317362473435
4.59,-0.729097325891099,-0.9601068316525878,1.1141949589724602,1.089400816904772
4.6,-0.7275762590757819,-0.961531476402595,1.1218653606768278,1.0907656166656041
4.61,-0.7261470615532662,-0.9629549756063012,1.1295026916720294,1.092126243884362
4.62,-0.7247982825549368,-0.964377423375504,1.1371067158072354,1.093482803559897
4.63,-0.7235204740695685,-0.9657989048496717,1.1446772228207462,1.0948353978000687
4.64,-0.7223057493780585,-0.9672194977151742,1.1522140241329664,1.0961841261775456
4.65,-0.7211474568792292,-0.9686392733869936,1.159716949525846,1.0975290860074463
4.66,-0.7200399348687071,-0.9700582979413612,1.1671858444821388,1.0988703725677404
4.67,-0.7189783243003656,-0.9714766328613764,1.1746205680245123,1.1002080792769695
4.68,-0.7179584238207517,-0.9728943356400157,1.182020990939349,1.1015422978396305
4.69,-0.716976576118121,-0.9743114602728784,1.189386994300845,1.1028731183666947
4.7,-0.7160295778046852,-0.9757280576646069,1.1967184682325616,1.1042006294767488
4.71,-0.7151146072168829,-0.9771441759669517,1.2040153108589535,1.1055249183818454
4.72,-0.7142291660218607,-0.9785598608621507,1.2112774274105345,1.1068460709611447
4.73,-0.705647821589882,-0.9799751558021423,1.218504729454521,1.108164171824703
4.74,-0.6972785712525534,-0.9813823143053527,1.2257046980751904,1.1094761166096339
4.75,-0.6891083065347438,-0.982781431818674,1.2328767365209694,1.1107819503408853
4.76,-0.6811250684403685,-0.9841725972112029,1.2400202787509853,1.1120817167842332
4.77,-0.6733179159904774,-0.9855558933108981,1.2471347875286105,1.1133754585105688
4.78,-0.6656768131340827,-0.9869313973823939,1.2542197526970984,1.11466321695073
4.79,-0.658192531022245,-0.9882991815538745,1.2612746896146965,1.1159450324423654
4.8,-0.6508565631975466,-0.9896593131996713,1.268299137730035,1.1172209442700727
4.81,-0.6436610516957325,-0.9910118552842268,1.2752926592813978,1.11849099069984
4.82,-0.6365987224107511,-0.9923568666722296,1.282254838105822,1.1197552090086536
4.83,-0.6296628283587969,-0.9936944024090254,1.2891852785459157,1.1210136355099973
4.84,-0.6228470997064877,-0.9950245139748295,1.296083604443918,1.1222663055758504
4.85,-0.6161456996146378,-0.9963472495157768,1.3029494582138992,1.123513253655703
4.86,-0.6095531851011804,-0.9976626540544368,1.3097824999841683,1.1247545132930263
4.87,-0.6030644722515608,-0.9989707696820723,1.3165824068029306,1.1259901171395656
4.88,-0.5966748052078038,-1.0002716357346284,1.3233488719011015,1.1272200969677793
4.89,-0.5903797284526617,-1.0015652889541844,1.3300816040068923,1.1284444836816903
4.9,-0.5841750619761481,-1.0028517636373897,1.3367803267074105,1.1296633073263855
4.91,-0.5780568789709937,-1.0041310917722177,1.3434447778530554,1.1308765970963623
4.92,-0.5720214857532526,-1.0054033031642156,1.3500747090009557,1.1320843813428931
4.93,-0.566065403646132,-1.006668425553288,1.3566698848940975,1.1332866875805594
4.94,-0.5601853526004914,-1.0079264847219362,1.3632300829731454,1.1344835424930801
4.95,-0.5543782363554598,-1.0091775045957692,1.3697550929182702,1.1356749719385495
4.96,-0.5486411289681571,-1.010421507337014,1.3762447162185618,1.1368610009541773
4.97,-0.5429712625633113,-1.0116585134316745,1.3826987657668481,1.1380416537606193
4.98,-0.5373660161722424,-1.012888541770916,1.3891170654779506,1.1392169537659682
4.99,-0.5318229055467312,-1.0141116097271952,1.3954994499285882,1.1403869235694712
5.0,-0.5263395738471165,-1.0153277332256023,1.4018457640173128,1.1415515849650275
5.01,-0.520913783115916,-1.01653692681083,1.4081558626429969,1.1427109589445177
5.02,-0.5155434064586092,-1.0177392037101474,1.4144296104005323,1.1438650657010063
5.03,-0.5102264208622167,-1.0189345758927197,1.42066688129251,1.145013924631855
5.04,-0.5049609005901344,-1.020123054125577,1.4268675584557573,1.14615755434178
5.05,-0.499745011098514,-1.0213046480265102,1.4330315339016986,1.1472959726458836
5.06,-0.49457700342545896,-1.0224793661141462,1.4391587082695958,1.1484291965726845
5.07,-0.4894552090095461,-1.0236472158554288,1.4452489905917925,1.1495572423671705
5.08,-0.48437803489878634,-1.0248082037107116,1.4513022980701595,1.1506801254938925
5.09,-0.47934395931519574,-1.0259623351766518,1.4573185558629984,1.1517978606401205
5.1,-0.474351527543724,-1.0271096148270753,1.4632976968817157,1.1529104617190733
5.11,-0.4693993481174515,-1.0282500463519681,1.4692396615966312,1.1540179418732397
5.12,-0.464486089273768,-1.0293836325947383,1.4751443978513303,1.1551203134778016
5.13,-0.4596104756587317,-1.0305103755878753,1.4810118606850093,1.156217588144171
5.14,-0.45477128525901805,-1.0316302765871272,1.4868420121623065,1.1573097767236498
5.15,-0.44996734654283616,-1.0327433361043041,1.4926348212101388,1.1583968893112229
5.16,-0.4451975357929454,-1.0338495539388055,1.4983902634611044,1.1594789352494907
5.17,-0.4404607746164751,-1.0349489292079634,1.5041083211030335,1.160555923132749
5.18,-0.43575602761765214,-1.0360414603762853,1.5097889827343014,1.1616278608112216
5.19,-0.43108230022080124,-1.0371271452836703,1.5154322432245404,1.1626947553954536
5.2,-0.42643863663211096,-1.0382059811726723,1.5210381035804101,1.1637566132608657
5.21,-0.42182411792967445,-1.0392779647148702,1.5266065708161083,1.1648134400524783
5.22,-0.41723786027222737,-1.0403430920364074,1.532137657828322,1.1658652406898073
5.23,-0.41267901321783007,-1.0414013587427533,1.5376313832753379,1.1669120193719342
5.24,-0.40814675814448415,-1.0424527599427356,1.5430877714600488,1.1679537795827548
5.25,-0.4036403067653461,-1.0434972902718898,1.5485068522166046,1.1689905240964074
5.26,-0.39915889973180957,-1.0445349439151683,1.553888660800476,1.1700222549828845
5.27,-0.39470180531827803,-1.0455657146290462,1.55923323778171,1.1710489736138283
5.28,-0.3902683181829514,-1.0465895957630595,1.5645406289411672,1.1720706806685113
5.29,-0.38585775819940277,-1.0476065802808077,1.569810885169549,1.173087376140004
5.3,-0.38146946935413606,-1.0486166607804515,1.575044062369024,1.1740990593415297
5.31,-0.3771028187056909,-1.0496198295147312,1.5802402213572853,1.1751057289130071
5.32,-0.3727571954012038,-1.0506160784105318,1.5853994277738686,1.176107382827781
5.33,-0.3684320097466479,-1.0516053990880165,1.5905217519885801,1.1771040183995407
5.34,-0.36412669232725975,-1.05258778287935,1.5956072690118859,1.1780956322894265
5.35,-0.35984069317492096,-1.0535632208470307,1.6006560584071228,1.1790822205133225
5.36,-0.3555734809795044,-1.0545317038018496,1.6056682042044044,1.1800637784493357
5.37,-0.35132454234141175,-1.0554932223204891,1.6106437948160952,1.1810403008454609
5.38,-0.3470933810627303,-1.0564477667627798,1.615582922953739,1.1820117818274272
5.39,-0.34287951747462264,-1.057395327288625,1.6204856855463325,1.18297821490673
5.4,-0.3386824877987305,-1.058335893874606,1.625352183659839,1.18393959298884
5.41,-0.33450184354053125,-1.0592694563302807,1.6301825224178486,1.1848959083815929
5.42,-0.33033715091272825,-1.0601960043141814,1.6349768109232914,1.1858471528037535
5.43,-0.32618799028688855,-1.0611155273495227,1.6397351621811194,1.1867933173937557
5.44,-0.32205395567166323,-1.062028014839628,1.644457693021876,1.187734392718611
5.45,-0.3179346542160383,-1.062933456083079,1.6491445240260785,1.188670368782987
5.46,-0.31382970573616725,-1.0638318402885971,1.6537957794493447,1.1896012350384502
5.47,-0.3097387422644332,-1.0647231565896602,1.6584115871481955,1.1905269803928715
5.48,-0.30566140761947663,-1.0656073940588604,1.6629920785064725,1.1914475932199888
5.49,-0.30159735699600687,-1.0664845417220072,1.6675373883623175,1.192363061369125
5.5,-0.2975462565732925,-1.06735458857198,1.672047654935656,1.193273372175057
5.51,-0.29350778314129494,-1.0759839386754881,1.6765230197561396,1.1941785124680322
5.52,-0.2894116093545331,-1.0845179117960368,1.6809506165370358,1.1950758905961232
5.53,-0.28525717305130416,-1.0929557104601568,1.6853315879636372,1.1959655102291185
5.54,-0.2810439395345961,-1.1012965301167226,1.6896670747289588,1.1968473733101144
5.55,-0.2767714043783474,-1.1095395596188373,1.693958215102655,1.1977214800769007
5.56,-0.27243909635682817,-1.1176839817261406,1.6982061444792327,1.2063849701286733
5.57,-0.2680347527697506,-1.1256691130365453,1.702367678662473,1.2149414025070573
5.58,-0.2635576592055518,-1.1334950255632785,1.7064457626985454,1.2233904047064426
5.59,-0.2590071482884352,-1.1411617688185922,1.7104433079185049,1.2317315717479922
5.6,-0.2543826044774792,-1.1486693719661318,1.7143631923997575,1.2399644677580606
5.61,-0.2496834690641067,-1.1560178459353239,1.7182082612691998,1.2480886274957075
5.62,-0.2449092453564842,-1.1632071855085053,1.7219813268537145,1.2561035578356792
5.63,-0.2400595040362749,-1.170237371391064,1.72568516868323,1.2640087392133252
5.64,-0.23513388866976295,-1.1771083722743727,1.729322533351141,1.2718036270380217
5.65,-0.23013212135170757,-1.1838201469007574,1.7328961342365663,1.2794876530817523
5.66,-0.2250540084564024,-1.1903726461391584,1.7364086510926593,1.287060226849575
5.67,-0.21989944646633405,-1.196765815079478,1.7398627295050197,1.2945207369387484
5.68,-0.21466842784459708,-1.2029995951529002,1.743260980224155,1.3018685523933025
5.69,-0.20936104691287943,-1.2090739262846646,1.74660597837593,1.309103024060822
5.7,-0.20397750569244688,-1.2149887490849098,1.7499002625540108,1.3162234859581325
5.71,-0.19851811966119776,-1.2207440070822544,1.7531463337984619,1.3232292566524675
5.72,-0.1929833233756171,-1.22633964900374,1.7563466544648907,1.3301196406644993
5.73,-0.18737367590242668,-1.2317756311036607,1.7595036469888543,1.336893929899386
5.74,-0.18168986600101067,-1.2370519195426035,1.76261969255064,1.3435514051116564
5.75,-0.17593271699441124,-1.2421684928167611,1.7656971296460153,1.3500913374093748
5.76,-0.17010319126395534,-1.2471253442362482,1.768738252569088,1.356512989802559
5.77,-0.16420239430052053,-1.2519224844497596,1.7717453098140472,1.3628156188002745
5.78,-0.15823157824420178,-1.2565599440114747,1.77472050240323,1.3689984760602132
5.79,-0.15219214484382845,-1.2610377759846443,1.7776659821496983,1.3750608100938568
5.8,-0.14608564776851907,-1.265356058574816,1.780583849863281,1.381001868029556
5.81,-0.13991379420536032,-1.2695148977841741,1.7834761535098442,1.3868208974350071
5.82,-0.13367844568044598,-1.273514430077022,1.7863448863343592,1.3925171481997094
5.83,-0.1273816180449797,-1.277354825045032,1.789191984959163,1.3980898744770196
5.84,-0.12102548057397688,-1.2810362880595658,1.7920193274695868,1.4035383366844254
5.85,-0.114612354132305,-1.2845590628971402,1.7948287314998836,1.4088618035596254
5.86,-0.10814470837135125,-1.2879234343230188,1.7976219523330828,1.4140595542689591
5.87,-0.10162515792944055,-1.2911297306169698,1.800400681029004,1.4191308805636855
5.88,-0.09505645762013354,-1.2941783260244677,1.8031665425951833,1.4240750889785796
5.89,-0.08844149660456911,-1.2970696431160598,1.8059210942158481,1.4288915030663283
5.9,-0.08178329155688427,-1.2998041550372867,1.808665823554341,1.4335794656602634
5.91,-0.07508497884521907,-1.3023823876314595,1.811402147144485,1.4381383411571083
5.92,-0.06834980576463007,-1.3048049214177622,1.8141314088863156,1.4425675178106314
5.93,-0.06158112087210079,-1.3070723934075839,1.8168548786613545,1.4468664100264297
5.94,-0.05478236348744144,-1.3091854987426914,1.8195737510821575,1.4510344606475072
5.95,-0.04795705243688854,-1.31114499213982,1.8222891443902394,1.4550711432198935
5.96,-0.04110877412832915,-1.3129516891274935,1.8250020995156477,1.458975964227262
5.97,-0.03424117005797285,-1.3146064670623567,1.8277135793104469,1.4627484652833702
5.98,-0.027357923857691566,-1.316110265914,1.830424467967171,1.4663882252711657
5.99,-0.020462747999890507,-1.3174640888091511,1.8331355706319499,1.4698948624175576
6.0,-0.013559370282454557,-1.3186690023281642,1.8358476132204895,1.4732680362931716
6.01,-0.006651520219877052,-1.3197261365489332,1.8385612424434552,1.4765074497268562
6.02,0.00025708453197442575,-1.3206366848356275,1.841277026046055,1.4796128506252897
6.03,0.007162751590903179,-1.328288870199208,1.8439954532647969,1.482584033688736
6.04,0.014192110996671415,-1.3343615099051978,1.846731959287629,1.485419409762623
6.05,0.021315814984685964,-1.3388769111367629,1.8494851981351244,1.4881181872700606
6.06,0.02850277514347893,-1.3418609293521697,1.8522533512946975,1.490679604780021
6.07,0.03572109955073782,-1.3433433781725068,1.8550341310028133,1.493102984071365
6.08,0.042939076140966835,-1.3434926802535336,1.8578247936258092,1.4953877795782056
6.09,0.05012878364806657,-1.3420759233377653,1.8606225152799112,1.4975336478347725
6.1,0.05725886197146218,-1.3392724553428341,1.86342338326246,1.4995403780245695
6.11,0.06430339094345663,-1.3351293307543755,1.8662234670686875,1.5014080659623525
6.12,0.07123965718693968,-1.3296975948939966,1.8690185320695192,1.5031370824533314
6.13,0.07804846123386257,-1.323031943093297,1.8718040958321829,1.5047280934442242
6.14,0.08471422924611997,-1.3151903137571361,1.8745754877758791,1.5061820745436647
6.15,0.09122495382952596,-1.3142946263407067,1.8773279100390248,1.5075003204364505
6.16,0.09769305246576084,-1.3132771078704826,1.8800819601015637,1.508687849651932
6.17,0.10411637813798104,-1.3121396960968483,1.8828371921435862,1.5097452357903858
6.18,0.11049292123128686,-1.310884357906867,1.8855931136479247,1.5106731078566906
6.19,0.11682081008760171,-1.3095130863930313,1.8883491882827057,1.518663527760591
6.2,0.12315283588199102,-1.3079870137292406,1.8910999570349483,1.5247539123511544
6.21,0.12947380106309256,-1.3063183733876507,1.8938469641025926,1.529087687708543
6.22,0.13576919053126263,-1.3045183645311644,1.8965911112084923,1.531802563159731
6.23,0.14202547887133757,-1.30259725805834,1.8993327911348874,1.5330302113672951
6.24,0.14823036083811492,-1.3005644900739752,1.9020720012700367,1.5316883516823416
6.25,0.15436355099470794,-1.298435115178745,1.9048088592443657,1.5304193702651905
6.26,0.16042599458481227,-1.2962102789535206,1.9075423393770898,1.5280122271149907
6.27,0.16640962846113616,-1.2938974038845055,1.910271787444665,1.5245730739784829
6.28,0.1723078230282191,-1.2915033419312978,1.9129964449507417,1.5202014599880804
6.29,0.17811531278056036,-1.289034422378072,1.9157154929509446,1.5149903949674661
6.3,0.18382809767110045,-1.2864964939387982,1.9184280866440677,1.5090264629756749
6.31,0.18944332575023867,-1.2838949620904176,1.921133382092199,1.5023899809151753
6.32,0.19495916600408508,-1.281234822458978,1.9238305563087348,1.4951551963242278
6.33,0.20037467859591412,-1.278520690939775,1.9265188218292684,1.4873905180067066
6.34,0.20568968798928816,-1.27575683110172,1.929197436756983,1.4791587729655882
6.35,0.21090466284774384,-1.2729471793125489,1.9318657111533168,1.4705174831904702
6.36,0.21602060524478295,-1.2700953679263833,1.9345230105284237,1.4696176504879408
6.37,0.2210819547344421,-1.2671642696266139,1.9371656461841307,1.4686115674631612
6.38,0.2260887855486138,-1.2641557698330583,1.9397929089510457,1.467500593104544
6.39,0.2310412257749729,-1.2610717373405163,1.942404091469555,1.4662861169955856
6.4,0.2359394538242286,-1.257914023076213,1.9449984896954045,1.4649695579208222
6.41,0.24078369498654145,-1.2546844589448354,1.947575404322984,1.4635523624527755
6.42,0.24557421808711746,-1.251384856760425,1.95013414212621,1.4620360035233866
6.43,0.2503113322492239,-1.2480170072640804,1.952674017217276,1.4604219789833461
6.44,0.25499538377123593,-1.2445826792261356,1.955194352223906,1.4587118101526546
6.45,0.25962675312281996,-1.2410836186312317,1.9576944793860571,1.4569070403656499
6.46,0.26420585206399233,-1.2375215479444621,1.9601737415733325,1.4550092335136424
6.47,0.26873312088955376,-1.2338981654565764,1.9626314932246138,1.4530199725881963
6.48,0.2732090258002931,-1.2302151447060479,1.96506710121168,1.4509408582279808
6.49,0.2776340564013681,-1.2264741339756529,1.9674799456287806,1.4487735072720038
6.5,0.2820087233274036,-1.2226767558610796,1.9698694205103229,1.4465195513219162
6.51,0.286333555993091,-1.2188246069089699,1.9722349344789927,1.4441806353159483
6.52,0.29060910046742056,-1.2149192573217018,1.974575911326761,1.4417584161169144
6.53,0.29483591746912075,-1.2109622507261473,1.9768917905313466,1.4392545611165808
6.54,0.29901458048041285,-1.2069551040035753,1.9791820277107903,1.4366707468585636
6.55,0.30314567397580117,-1.2028993071778302,1.9814460950188673,1.4340086576817765
6.56,0.30722979176230825,-1.1987963233588794,1.983683481484114,1.4312699843863137
6.57,0.3112675354273188,-1.1946475887388126,1.9858936932952755,1.4284564229235097
6.58,0.3152595128900093,-1.190454512637364,1.9880762540359949,1.425569673111776
6.59,0.3192063370522096,-1.1862184775940383,1.9902307048715584,1.422611437379673
6.6,0.32310862454445455,-1.1819408395039357,1.992356604690503,1.4195834195375387
6.61,0.3269669945629433,-1.1776229277943966,1.9944535302038517,1.416487323578854
6.62,0.330782067793112,-1.173266045639623,1.9965210760047072,1.4133248525123903
6.63,0.3345544654155505,-1.1688714702104712,1.998558854590879,1.410097707226053
6.64,0.3382848081900425,-1.164440452956668,2.0005664963531564,1.4068075853832052
6.65,0.3419737156135789,-1.159974219918746,2.002543649531767,1.403456180352128
6.66,0.3456218051482861,-1.1554739720670686,2.004489980143485,1.4000451801691591
6.67,0.3492296915153139,-1.1509408856653751,2.006405171881771,1.396576266535929
6.68,0.3527979860508479,-1.1463761126563454,2.0082889259922223,1.3930511138510062
6.69,0.3563272961205358,-1.1417807810667697,2.010140961125536,1.3894713882761613
6.7,0.35981822458875373,-1.137155995429976,2.01196101317008,1.385838746837352
6.71,0.36327136933927634,-1.1325028372232604,2.013748835066065,1.3821548365604468
6.72,0.3666873228440591,-1.1278223653181454,2.015504196603215,1.3784212936416094
6.73,0.37006667177698493,-1.1231156164413787,2.01722688420373,1.3746397426521912
6.74,0.37340999666957303,-1.118383605644677,2.0189167006922246,1.3708117957779002
6.75,0.37671787160579234,-1.1136273267813064,2.020573465054235,1.366939052091944
6.76,0.37999086395326553,-1.1088477529876848,2.022197012184778,1.363023096861786
6.77,0.38322953412828925,-1.104045837168282,2.0237871926283444,1.3590655008890942
6.78,0.38643443539223493,-1.0992225124821868,2.025343872311617,1.35506781988241
6.79,0.3896061136770278,-1.0943786928298016,2.0268669322701,1.3510315938620192
6.8,0.3927451074375318,-1.0895152733382159,2.0283562683697625,1.3469583465964698
6.81,0.39585194752879405,-1.084633130843904,2.0298117910246987,1.342849585070142
6.82,0.39892715710622273,-1.07973312437148,2.0312334249117274,1.3387067989812504
6.83,0.4019712515468898,-1.074816095607335,2.032621108682767,1.33453146026963
6.84,0.4049847383902597,-1.069882869367062,2.0339747946757423,1.33032502267364
6.85,0.40796811729675314,-1.064934254055674,2.0352944486247053,1.3260889213154998
6.86,0.41092188002265495,-1.0599710421196908,2.0365800493697774,1.3218245723143645
6.87,0.4138465104099735,-1.0549940104902606,2.037831588567455,1.3175333724264333
6.88,0.4167424843899489,-1.0500039210165635,2.039049070401753,1.3132166987113834
6.89,0.4196102699989956,-1.0450015208888177,2.0402325112966047,1.3088759082244152
6.9,0.42245032740594696,-1.0399875430502918,2.0413819396298765,1.3045123377332037
6.91,0.42526310894954666,-1.0349627065977938,2.042497395449308,1.3001273034590433
6.92,0.42804905918520636,-1.0299277171701824,2.0435789301906375,1.2957221008414874
6.93,0.4308086149401169,-1.0248832673245183,2.044626606398127,1.2912980043257902
6.94,0.43354220537586713,-1.0198300368995292,2.045640497447665,1.2868562671724626
6.95,0.43625025205778417,-1.0147686933661386,2.0466206872725867,1.2823981212882711
6.96,0.4389331690302679,-1.009699892164858,2.047567270092314,1.2779247770780164
6.97,0.44159136289744555,-1.0046242770299059,2.0484803501438984,1.2734374233164425
6.98,0.4442252329085231,-0.9995424802999748,2.049360041416508,1.268937227039642
6.99,0.4468351710472587,-0.9944551232156096,2.0578243011403763,1.264425333455335
7.0,0.4494221928175186,-0.9893701307298038,2.065475827085495,1.2598079751264555
7.01,0.4519870222326497,-0.9842890632372184,2.0723694913254236,1.2550976408961771
7.02,0.45453024848999635,-0.9792129826182062,2.0785557556558922,1.2503058659548418
7.03,0.4570523526617921,-0.9741425468046426,2.0840811234124237,1.2454433055412808
7.04,0.4595537295631737,-0.9690780919498427,2.088988536356714,1.2405198038301612
7.05,0.4620347056960513,-0.964019703354583,2.093317724350027,1.2355444579947914
7.06,0.46449555398032605,-0.9589672762628346,2.097105514388909,1.230525677496449
7.07,0.4669365058412826,-0.9539205675865311,2.1003861045764136,1.2254712387094928
7.08,0.46935776111205296,-0.9488792395537504,2.1031913077348423,1.2203883350426012
7.09,0.4717594961243863,-0.9438428962034296,2.1055507686242745,1.2152836227586363
7.1,0.47414187029349214,-0.9388111135756058,2.107492158103231,1.2101632627282126
7.11,0.4765050314490367,-0.9337834643718845,2.1090413470410883,1.2050329583753037
7.12,0.4788491201212316,-0.9287595377883587,2.1102225623537647,1.1998979900878382
7.13,0.4811742729559798,-0.9237389551539411,2.1185822105410357,1.1947632463732256
7.14,0.4834848296798418,-0.9187403976402655,2.1191819223887163,1.1895468524335546
7.15,0.4857767065626423,-0.9137445488225934,2.116704078141682,1.1843393892538512
7.16,0.4880484061689411,-0.9087439760364978,2.1130013916633583,1.1791762502251302
7.17,0.4902995797191745,-0.9037367160956089,2.108823673352836,1.1740713022481724
7.18,0.4925303478243403,-0.8987230061543418,2.104475975864822,1.1690297270046581
7.19,0.4947410124029331,-0.8937038965505735,2.100082435838441,1.1640531594762187
7.2,0.4969319395668937,-0.8886807005054799,2.0956936814588945,1.1591417757017275
7.21,0.4991035131284689,-0.8836547835168359,2.0913305854950615,1.1542951431129036
7.22,0.5012561165198179,-0.8786274851437699,2.0870019921683123,1.1495125669212243
7.23,0.5033901259650045,-0.8736000912403264,2.0827118464260588,1.1447932320842935
7.24,0.5055059080572356,-0.868573825151523,2.0784620421960867,1.1401362628612481
7.25,0.5076038190446178,-0.8635498459915243,2.0742535576324954,1.135540749279993
7.26,0.509684204773228,-0.8585292495753328,2.07008691150808,1.131005760267365
7.27,0.5117474008809509,-0.8535130703606143,2.065962352785441,1.1265303512778708
7.28,0.513793733085445,-0.8485022837834036,2.061879945701303,1.1221135695084448
7.29,0.5158235175055937,-0.8434978087469578,2.0578396136153794,1.1177544579165528
7.3,0.5178370609924556,-0.8385005101606162,2.053841166026996,1.1134520585308139
7.31,0.51983466145972,-0.8335112014773529,2.0498843181193522,1.1092054152625976
7.32,0.5218166082091131,-0.8285306471998102,2.0459687064391416,1.1050135763192979
7.33,0.5237831822484043,-0.8235595653346129,2.0420939021462585,1.1008755962781767
7.34,0.5257346566006489,-0.81859862978056,2.0382594224554738,1.0967905378626495
7.35,0.5276712966038201,-0.8136484726402904,2.03446474058831,1.09275747345505
7.36,0.5295933602002957,-0.8087096864480815,2.030709294437428,1.0887754863754862
7.37,0.5315010982158898,-0.8037828263088762,2.0269924940978346,1.0848436719532377
7.38,0.533394754628286,-0.7988684119456148,2.023313728395565,1.080961138414528
7.39,0.5352745668248612,-0.7939669296535387,2.019672370529339,1.0771270076081552
7.4,0.5371407658499906,-0.7890788341614114,2.0160677829287996,1.0733404155883195
7.41,0.5389935766420071,-0.7842045504006092,2.012499321422465,1.0696005130719994
7.42,0.5408332182600475,-0.7793444751838177,2.008966338798868,1.0659064657864163
7.43,0.5426599041010666,-0.7744989787956703,2.005468187835508,1.0622574547204613
7.44,0.5444738421073324,-0.769668406498107,2.002004223862066,1.0586526762924462
7.45,0.5462752349647403,-0.7648530799535458,1.9985738069168684,1.0550913424451727
7.46,0.5480642802922969,-0.7600532985691789,1.9951763035488264,1.051572680678076
7.47,0.5498411708231351,-0.7552693407658272,1.991811088310984,1.0480959340250897
7.48,0.5516060945774206,-0.7505014651748558,1.988477544986288,1.0446603609858773
7.49,0.5533592350275127,-0.7457499117666591,1.9851750675813562,1.041265235417191
7.5,0.5551007712557333,-0.7410149029141918,1.981903061119611,1.0379098463903131
7.51,0.5568308781050916,-0.7362966443949602,1.9786609422613122,1.0345934980198348
7.52,0.5585497263233036,-0.7315953263347955,1.975448139774572,1.0313155092683852
7.53,0.5602574827004324,-0.7269111240966285,1.9722640948784542,1.0280752137313725
7.54,0.5619543102004643,-0.7222441991173612,1.9691082614764936,1.02487195940529
7.55,0.5636403680871227,-0.7175946996958072,1.9659801062967859,1.0217051084427082
7.56,0.5653158120442098,-0.7129627617345389,1.9628791089525695,1.0185740368966751
7.57,0.5669807942907508,-0.7083485094383399,1.959804761935516,1.0154781344569028
7.58,0.5686354636912049,-0.703752055971834,1.9567565705523122,1.0124168041798127
7.59,0.570279965860992,-0.6991735040787189,1.9537340528137428,1.0093894622142412
7.6,0.5719144432675741,-0.6946129466649086,1.9507367392842485,1.0063955375243654
7.61,0.5735390353273142,-0.6900704673477549,1.947764172898891,1.0034344716112011
7.62,0.5751538784983291,-0.6855461409733997,1.9448159087536954,1.0005057182338386
7.63,0.5767591063695358,-0.6810400341041866,1.9418915138745503,0.997608743131414
7.64,0.5783548497460836,-0.6765522054779487,1.9389905669691259,0.9947430237466749
7.65,0.579941236731353,-0.6720827064408813,1.9361126581656434,0.9919080489518686
7.66,0.5815183928056911,-0.6676315813556033,1.9332573887417974,0.9891033187775703
7.67,0.5830864409020459,-0.6631988679859143,1.9304243708466595,0.9863283441449707
7.68,0.584645501478652,-0.6587845978596614,1.9276132272179725,0.9835826466020563
7.69,0.5861956925889115,-0.6543887966110421,1.924823590896895,0.9808657580640395
7.7,0.5877371299486055,-0.6500114843035883,1.922055104941947,0.978177220558332
7.71,0.5892699270005661,-0.6456526757349961,1.9193074221436166,0.9755165859742928
7.72,0.5907941949769293,-0.6413123807248954,1.9165802047408864,0.9728834158179369
7.73,0.5923100429590838,-0.6369906043865851,1.9138731241406994,0.9702772809717423
7.74,0.593817577935424,-0.6326873473836921,1.9111858606412304,0.9676977614596572
7.75,0.5953169048570095,-0.6284026061726563,1.908518103159666,0.9651444462173768
7.76,0.5968081266912281,-0.6241363732318818,1.9058695489650659,0.9626169328679263
7.77,0.5982913444735535,-0.6198886372783482,1.9032399034167622,0.9601148275025669
7.78,0.5997666573574848,-0.6156593834724197,1.900628879708663,0.9576377444670183
7.79,0.6012341626627488,-0.6114485936115472,1.8980361986197192,0.9551853061529696
7.8,0.6026939559218429,-0.6072562463135145,1.8954615882707777,0.9527571427948418
7.81,0.6041461309249928,-0.6030823171898367,1.8929047838879374,0.9503528922717452
7.82,0.6055907797635925,-0.5989267790098858,1.8903655275725135,0.9479721999145672
7.83,0.6070279928721948,-0.5947896018562762,1.8878435680776364,0.9456147183181166
7.84,0.6084578590691117,-0.590670753272016,1.8853386605914957,0.9432801071582418
7.85,0.6098804655956873,-0.5865701983998945,1.8828505665271913,0.9409680330138339
7.86,0.6112958981542961,-0.582487900114549,1.8803790533191493,0.9386781691936216
7.87,0.612704240945121,-0.5784238191476265,1.8779238942259966,0.9364101955676595
7.88,0.6141055767017625,-0.5743779142064309,1.8754848681398257,0.9341637984034098
7.89,0.6154999867257248,-0.5703501420864214,1.8730617594017074,0.9319386702063132
7.9,0.6168875509198273,-0.5663404577779063,1.8706543576233483,0.929734509564745
7.91,0.618268347820581,-0.5623488145672557,1.86826245751474,0.9275510209992505
7.92,0.6196424546295747,-0.558375164132937,1.8658858587176632,0.925387914815953
7.93,0.621009947243907,-0.5544194566366577,1.8635243656449023,0.9232449069640293
7.94,0.6223709002857039,-0.550481640809886,1.8611777873250002,0.9211217188971463
7.95,0.6237253871307551,-0.546561664035999,1.8588459372524178,0.9190180774387535
7.96,0.6250734799363049,-0.5426594724282984,1.8565286332429267,0.916933714651128
7.97,0.6264152496680276,-0.5387750109041157,1.8542256972940807,0.9148683677080699
7.98,0.6277507661262204,-0.5349082232552187,1.8519369554506062,0.912821778771145
7.99,0.629080097971241,-0.5310590522147152,1.8496622376745602,0.9107936948693777
8.0,0.630403312748219,-0.527227439520643,1.8474013777200962,0.9087838677822947
8.01,0.6317204769110676,-0.5234133259764201,1.845154213012683,0.9067920539262248
8.02,0.6330316558458199,-0.5196166515083219,1.8429205845326355,0.9048180142437596
8.03,0.6343369138933155,-0.5158373552201405,1.8407003367027965,0.9028615140962859
8.04,0.63563631437126,-0.5120753754451742,1.8384933172802391,0.9009223231594966
8.05,0.6369299195956792,-0.508330649795686,1.8362993772518394,0.8990002153217965
8.06,0.6382177909017894,-0.504603115209961,1.8341183707335849,0.8970949685855146
8.07,0.6394999886643045,-0.5008927079970883,1.8319501548734864,0.895206364970842
8.08,0.6407765723171988,-0.49719936387958186,1.8297945897579655,0.8933341904224129
8.09,0.6420476003729442,-0.49352301803395265,1.827651538321584,0.891478234718451
8.1,0.6433131304412396,-0.4898636051293345,1.825520866260004,0.8896382913824048
8.11,0.6445732192472496,-0.48622105936426313,1.8234024419460495,0.8878141575969964
8.12,0.6458279226493687,-0.48259531450170057,1.8212961363487616,0.8860056341206126
8.13,0.6470772956565268,-0.47898630390239344,1.8192018229553408,0.8842125252059676
8.14,0.6483213924450509,-0.47539396055664773,1.8171193776958543,0.8824346385209692
8.15,0.6495602663750976,-0.4718182171145989,1.8150486788706233,0.8806717850717223
8.16,0.6507939700066697,-0.46825900591505165,1.812989607080178,0.8789237791276062
8.17,0.6520225551152314,-0.4647162590129596,1.8109420451576863,0.8771904381483625
8.18,0.6532460727069332,-0.46118990820561157,1.8089058781037723,0.8754715827131336
8.19,0.6544645730334598,-0.4576798850575878,1.8068809930236207,0.8737670364513944
8.2,0.6556781056065129,-0.45418612092454524,1.8048672790662947,0.8720766259757186
8.21,0.6568867192119394,-0.4507085469758893,1.8028646273661737,0.8704001808163262
8.22,0.6580904619235173,-0.4472470942163849,1.8008729309864406,0.8687375333573591
8.23,0.6592893811164074,-0.44380169350675835,1.7988920848645342,0.8670885187748316
8.24,0.6604835234802842,-0.44037227558333786,1.7969219857594967,0.8654529749762078
8.25,0.6616729350321516,-0.4369587710767785,1.794962532201144,0.8638307425415562
8.26,0.6628576611288578,-0.4335611105299151,1.793013624440993,0.8622216646662362
8.27,0.6640377464793127,-0.4301792244147841,1.791075164404871,0.8606255871050685
8.28,0.6652132351564216,-0.4268130431488535,1.7891470556471636,0.8590423581179495
8.29,0.6663841706087404,-0.42346249711049766,1.7872292033066097,0.8574718284168622
8.3,0.6675505956718616,-0.420127516653753,1.7853215140636238,0.8559138511142474
8.31,0.668712552579538,-0.41680803212238676,1.7834238960990505,0.854368281672692
8.32,0.6698700829745531,-0.4135039738633121,1.7815362590543198,0.8528349778558965
8.33,0.671023227919344,-0.41021527223937837,1.7796585139929568,0.8513137996808862
8.34,0.6721720279063843,-0.4069418576415658,1.7777905733633736,0.8498046093714267
8.35,0.6733165228683338,-0.40368366050061244,1.7759323509629097,0.8483072713126117
8.36,0.6744567521879614,-0.40044061129809805,1.7740837619030796,0.8468216520065878
8.37,0.6755927547078482,-0.3972126405770107,1.772244722575968,0.8453476200293826
8.38,0.676724568739875,-0.3939996789518192,1.7704151506217436,0.8438850459888066
8.39,0.6778522320745021,-0.3908016571180732,1.768594964897241,0.8424338024833966
8.4,0.6789757819898462,-0.38761850586155305,1.7667840854455799,0.8409937640623703
8.41,0.6800952552605601,-0.3844501560669891,1.7649824334667767,0.8395648071865647
8.42,0.6812106881665196,-0.3812965387263698,1.763189931289318,0.8381468101903299
8.43,0.6823221165013242,-0.37815758494685686,1.76140650234265,0.8367396532443502
8.44,0.6834295755806157,-0.3750332259583253,1.7596320711305704,0.8353432183193676
8.45,0.6845331002502192,-0.37192339312054457,1.7578665632054709,0.8339573891507821
8.46,0.6856327248941126,-0.3688280179300169,1.7561099051434013,0.8325820512041029
8.47,0.6867284834422269,-0.36574703202648784,1.7543620245199445,0.8312170916412287
8.48,0.6878204093780835,-0.3626803671991435,1.7526228498868497,0.8298623992875328
8.49,0.6889085357462722,-0.359627955392508,1.7508923107494097,0.8285178645997304
8.5,0.6899928951597732,-0.3565897287120549,1.7491703375445502,0.8271833796345074
8.51,0.6910735198071286,-0.3535656194295439,1.747456861619613,0.825858838017889
8.52,0.6921504414594657,-0.35055555998809595,1.7457518152118006,0.8245441349153279
8.53,0.6932236914773766,-0.34755948300701767,1.744055131428258,0.8232391670024928
8.54,0.6942933008176579,-0.3445773212863853,1.7423667442267783,0.8219438324367373
8.55,0.6953593000399133,-0.3416090078113999,1.7406865883971026,0.8206580308292315
8.56,0.6964217193130232,-0.3386544757565223,1.7390145995427952,0.8193816632177376
8.57,0.697480588421484,-0.33571365848939816,1.7373507140636708,0.8181146320400133
8.58,0.6985359367716205,-0.3327864895745818,1.7356948691387628,0.8168568411078241
8.59,0.6995877933976755,-0.3298729027770673,1.7340470027098036,0.8156081955815503
8.6,0.700636186967777,-0.3269728320656356,1.732407053465206,0.8143686019453716
8.61,0.7016811457897888,-0.3240862116160246,1.7307749608245266,0.8131379679830143
8.62,0.7027226978170463,-0.3212129758139307,1.7291506649233959,0.8119162027540457
8.63,0.7037608706539792,-0.3183530592578485,1.7275341065988876,0.8107032165707024
8.64,0.704795691561625,-0.31550639676175524,1.725925227375337,0.8094989209752366
8.65,0.7058271874630357,-0.312672923357647,1.7243239694505643,0.8083032287177686
8.66,0.7068553849485802,-0.30985257429793317,1.7227302756825078,0.8071160537346318
8.67,0.7078803102811443,-0.30704528505769396,1.721144089576247,0.8059373111271962
8.68,0.708901989401231,-0.30425099133680833,1.7195653552714072,0.8047669171411596
8.69,0.7099204479319643,-0.30146962906195657,1.7179940175299142,0.8036047891462931
8.7,0.7109357111839975,-0.2987011343885033,1.716430021724121,0.8024508456166307
8.71,0.711947804160328,-0.2959454437022659,1.7148733138252592,0.8013050061110896
8.72,0.7129567515610229,-0.29320249362117284,1.7133238403922229,0.8001671912545117
8.73,0.7139625777878543,-0.2904722209968173,1.7117815485606769,0.7990373227191159
8.74,0.7149653069488492,-0.28775456291590923,1.7102463860324593,0.7979153232063481
8.75,0.7159649628627541,-0.2850494567016315,1.708718301065296,0.7968011164291228
8.76,0.7169615690634171,-0.2823568399149028,1.7071972424627875,0.7956946270944429
8.77,0.717955148804089,-0.2796766503555523,1.7056831595646862,0.7945957808863905
8.78,0.7189457250616448,-0.27700882606340915,1.7041760022374375,0.7935045044494777
8.79,0.7199333205407291,-0.27435330531930985,1.7026757208649468,0.79242072537235
8.8,0.7209179576778246,-0.2717100266460288,1.701182266339689,0.7913443721718325
8.81,0.7218996586452473,-0.26907892880913276,1.699695590053954,0.7902753742773111
8.82,0.7228784453550688,-0.26645995081776425,1.6982156438913834,0.7892136620154391
8.83,0.7238543394629687,-0.2638530319253559,1.6967423802187311,0.7881591665951629
8.84,0.7248273623720167,-0.2612581116302789,1.695275751877831,0.7871118200930585
8.85,0.725797535236388,-0.2586751296764285,1.6938157121777884,0.7860715554389696
8.86,0.7267648789650115,-0.2561040260537485,1.6923622148873676,0.7850383064019429
8.87,0.7277294142251539,-0.2535447409986985,1.6909152142275863,0.784012007576451
8.88,0.7286911614459397,-0.2509972149946646,1.6894746648644936,0.782992594368896
8.89,0.7296501408218096,-0.24846138877231735,1.6880405219021475,0.7819800029843895
8.9,0.7306063723159176,-0.2459372033099187,1.686612740875763,0.7809741704137991
8.91,0.7315598756634693,-0.24342459983357917,1.6851912777450198,0.7799750344210572
8.92,0.7325106703750007,-0.24092351981746948,1.6837760888876012,0.7789825335307254
8.93,0.7334587757396017,-0.23843390498398587,1.682367131092808,0.7779966070158079
8.94,0.7344042108280822,-0.23595569730387297,1.6809643615553964,0.7770171948858082
8.95,0.7353469944960839,-0.2334888389963053,1.6795677378695437,0.7760442378750243
8.96,0.7362871453871392,-0.231033272528929,1.6781772180229733,0.775077677431075
8.97,0.737224681935677,-0.22858894061786586,1.6767927603912134,0.7741174557036539
8.98,0.7381596223699771,-0.22615578622768084,1.675414323732004,0.7731635155335038
8.99,0.7390919847150744,-0.22373375257131492,1.6740418671798358,0.7722158004416084
9.0,0.7400217867956141,-0.22132278310998435,1.6726753502406202,0.7712742546185943
9.01,0.7409490462386583,-0.21892282155304824,1.6713147327864877,0.77033882291434
9.02,0.7418737804764449,-0.2165338118578452,1.669959975050707,0.769409450827786
9.03,0.7427960067491011,-0.21415569822950106,1.6686110376227268,0.7684860844969428
9.04,0.7437157421073103,-0.21178842512070806,1.6672678814433328,0.76756867068909
9.05,0.7446330034149354,-0.2094319372314775,1.665930467799912,0.7666571567911648
9.06,0.7455478073515982,-0.20708617950886637,1.664598758321836,0.7657514908003334
9.07,0.7464601704152155,-0.20475109714667955,1.663272714975937,0.764851621314743
9.08,0.7473701089244938,-0.20242663558514817,1.661952300062096,0.7639574975244482
9.09,0.7482776390213831,-0.2001127405105855,1.6606374762089278,0.7630690692025099
9.1,0.7491827766734896,-0.19780935785502118,1.6593282063695594,0.7621862866962625
9.11,0.7500855376764497,-0.1955164337958148,1.6580244538175037,0.7613091009187435
9.12,0.7509859376562645,-0.1932339147552494,1.656726182142626,0.7604374633402851
9.13,0.7518839920715974,-0.1909617474001064,1.6554333552471905,0.7517760897400545
9.14,0.7527774935695343,-0.18872278500923645,1.6572768574265866,0.7435705563958976
9.15,0.7536673129958182,-0.1865117444441782,1.6595037657720118,0.7355862715555419
9.16,0.7545536451056435,-0.1843272675708326,1.6617299025611219,0.7277850060844667
9.17,0.7554365877155104,-0.18216858577033268,1.663904009756097,0.7201562731674271
9.18,0.7563162219758669,-0.1800350326080524,1.666020540932868,0.712693618839744
9.19,0.7571926235770787,-0.17792597554926487,1.6680801410686346,0.7053913634314323
9.2,0.7580658644724607,-0.1758408057221287,1.6700842525804542,0.698244146482613
9.21,0.7589360132942861,-0.17377893566211966,1.6720343840599505,0.6912468534260598
9.22,0.7676072361425862,-0.17173979818855398,1.6739320125666814,0.6843945946397311
9.23,0.7761632754333043,-0.16963345942372954,1.6702841264015822,0.677003253561916
9.24,0.7845922960627739,-0.1674709465291285,1.666049208250546,0.6694780784245165
9.25,0.7928946952717523,-0.16525644598572822,1.6619015319174353,0.6618865544845715
9.26,0.8010724839627298,-0.16299303397818343,1.6579217612573534,0.6542485278260355
9.27,0.809127841016033,-0.1606834959411374,1.6541103911972974,0.6465765613347909
9.28,0.8170629256760391,-0.15833045552684283,1.6504582174364266,0.638881533976903
9.29,0.824879855715369,-0.15593640048845134,1.6469555036992625,0.6311734221086387
9.3,0.8325807061688393,-0.15350369333970132,1.6435930626358073,0.6234614410705076
9.31,0.8401675103320285,-0.15103457940291257,1.6403623319103529,0.6157541038311592
9.32,0.8476422608737686,-0.1485311939996662,1.637255336908112,0.608059267089077
9.33,0.8550069108513956,-0.14599556905922317,1.634264645393153,0.6003841734186398
9.34,0.8622633746316358,-0.14342963922484714,1.6313833253488437,0.592735490615649
9.35,0.8694135287374682,-0.14083524750899215,1.6286049067018906,0.585119348538975
9.36,0.8764592126386375,-0.1382141505398934,1.625923346584404,0.5775413736363165
9.37,0.8834022294996595,-0.13556802343677682,1.623332997741719,0.5700067213159478
9.38,0.8902443468959474,-0.13289846434656014,1.6208285797378674,0.5625201063106564
9.39,0.8969872975061063,-0.1302069986712142,1.618405152655671,0.5550858311671943
9.4,0.9036327797864031,-0.1274950830117705,1.6160580930274544,0.5477078129834247
9.41,0.9101824586318086,-0.12476410885220893,1.6137830717656625,0.540389608505597
9.42,0.916637966026739,-0.12201540600407294,1.611576033891158,0.533134437689572
9.43,0.9230009016876468,-0.11925024583057828,1.6094331798814507,0.5259452058221609
9.44,0.9292728336988504,-0.11646984426715985,1.607350948482117,0.5188245242918769
9.45,0.9354552991424141,-0.11367536465380246,1.605326000842904,0.5117747300922152
9.46,0.9415498047224597,-0.11086792039308842,1.603355205855695,0.5047979041349544
9.47,0.9475578273839719,-0.10804857744664649,1.6014356265852352,0.4978958884458604
9.48,0.9534808149259328,-0.10521835668157549,1.5995645076953922,0.49107030231047666
9.49,0.9593201866084669,-0.102378236077426,1.5977392637841301,0.4843225574333666
9.5,0.9650773337535759,-0.09952915280343773,1.5959574685494735,0.47765387217018723
9.51,0.9707536203389886,-0.09667200517493493,1.594216844716733,0.4710652848882766
9.52,0.9763503835846257,-0.0938076544970665,1.5925152546642718,0.46455766650800434
9.53,0.9818689345311795,-0.09093692680343146,1.590850691691288,0.4581317322739378
9.54,0.9873105586103301,-0.08806061449654562,1.589221271876589,0.45178805280189555
9.55,0.9926765162061473,-0.08517947789657458,1.5876252264821569,0.44552706444517237
9.56,0.9979680432072712,-0.0822942467042755,1.5860608948596033,0.43934907902061027
9.57,1.0031863515495087,-0.07940562138365018,1.584526717821493,0.43325429293275386
9.58,1.0083326297485316,-0.07651427446941017,1.5830212314428669,0.4272427957320322
9.59,1.0134080434224129,-0.07362085180398686,1.581543061261415,0.4213145781407667
9.6,1.0184137358037886,-0.07072597370848217,1.5800909168474258,0.4154695395787846
9.61,1.0233508282414763,-0.06783023609164616,1.578663586717148,0.4097074952185268
9.62,1.0282204206914334,-0.06493421150068317,1.5772599335653577,0.40402818259775863
9.63,1.0330235921969775,-0.062038450117425516,1.5758788897949567,0.39843126781632004
9.64,1.0377614013582324,-0.05914348070317258,1.574519453323187,0.3929163513417813
9.65,1.0424348867908009,-0.056249811495269475,1.5731806836457005,0.3874829734473934
9.66,1.047045067573699,-0.053357931058293256,1.571861698141158,0.3821306193043316
9.67,1.0515929436866172,-0.050468309092524005,1.5705616686004147,0.376858723748928
9.68,1.0560794964365976,-0.04758139720220099,1.5692798179655025,0.37166667574435613
9.69,1.060505688874248,-0.04469762962590054,1.5680154172647882,0.36655382255508207
9.7,1.0648724661996247,-0.04181742393122014,1.5667677827316373,0.3615194736513039
9.71,1.0691807561579432,-0.03894118167581217,1.5655362730948807,0.35656290435958576
9.72,1.073431469425283,-0.03606928903667961,1.5643202870301824,0.35168335927492794
9.73,1.077625499984475,-0.033202117409524314,1.563119260762223,0.34688005544861417
9.74,1.0817637254913621,-0.030340023979824757,1.561932665808278,0.3421521853653259
9.75,1.0858470076316373,-0.027483352267215086,1.5607600068544478,0.33749891972221513
9.76,1.0898761924684703,-0.024632432644638692,1.5596008197563969,0.3329194100218762
9.77,1.0938521107811356,-0.021787582833658135,1.558454669656988,0.32841279099044907
9.78,1.0977755783948637,-0.018949108377217933,1.5573211492137327,0.3239781828314237
9.79,1.101647396502134,-0.01611730309107708,1.5561998769294405,0.31961469332508935
9.8,1.105468351975634,-0.013292449495053921,1.5550904955798572,0.3153214197829822
9.81,1.1092392176731052,-0.010474819225156732,1.5539926707325504,0.3110974508661379
9.82,1.1129607527342982,-0.007664673427608529,1.5529060893515891,0.3069418682754271
9.83,1.1166337028702578,-0.004862263135714419,1.5518304584829739,0.30285374832177075
9.84,1.1202588006451526,-0.0020678296304629555,1.5507655040160833,0.2988321633835668
9.85,1.1238367657508677,0.0007183952142995388,1.5497109695166544,0.2948761832582268
9.86,1.127368305274567,0.0034961886013322573,1.54866661512717,0.2909848764143184
9.87,1.1308541139594368,0.006265336493357582,1.5476322165307108,0.28715731115042054
9.88,1.1342948744588086,0.0090256333096131,1.5466075639746182,0.28339255666644136
9.89,1.1376912575838638,0.011776881634938471,1.5455924613505094,0.2796896840528087
9.9,1.1410439225451117,0.014518891940775425,1.5445867253274208,0.276047767202624
9.91,1.1443535171878283,0.01725148231749483,1.543590184535025,0.27246588365156926
9.92,1.1476206782216418,0.019974478217497923,1.5426026787940634,0.2689431153500755
9.93,1.1508460314444415,0.02268771220857,1.5416240583913128,0.26547854937199367
9.94,1.1540301919607836,0.025391023736994138,1.5406541833965472,0.26207127856376017
9.95,1.1571737643949613,0.02808425889995985,1.5396929230191105,0.2587204021378116
9.96,1.1602773430989033,0.030767270226827407,1.5387401550018767,0.25542502621378416
9.97,1.1633415123550568,0.033439916468832646,1.5377957650504543,0.25218426431082064
9.98,1.1663668465744075,0.03610206239683968,1.5368596462956956,0.2489972377941166
9.99,1.1693539104897848,0.038753578606770415,1.5359316987875768,0.24586307627864568
10.0,1.172303259344593,0.04139434133235948,1.5350118290187442,0.2427809179928369
10.01,1.1752154390771086,0.044024232264902256,1.5340999494760212,0.2397499101048066
10.02,1.1780909865004736,0.04664313837968111,1.5331959782183249,0.2367692090135968
10.03,1.1809304294785146,0.049250951768771756,1.53229983847951,0.23383798060772584
10.04,1.1837342870975105,0.05184756947994709,1.531411458294751,0.23095540049321897
10.05,1.1865030698340298,0.05443289336141066,1.5305307701491373,0.22812065419315858
10.06,1.1892372797189485,0.05700682991210576,1.529657710647242,0.22533293732067178
10.07,1.1919374104977651,0.05956929013735913,1.5287922202025048,0.22259145572715955
10.08,1.1946039477873136,0.06212018940963048,1.5279342427452998,0.21989542562746198
10.09,1.1972373692289828,0.06465944733415073,1.527083725448672,0.21724407370355525
10.1,1.1998381446385373,0.06718698761924256,1.5262406184707336,0.21463663718827775
10.11,1.2024067361526376,0.0697027379511274,1.5254048747128026,0.21207236393049453
10.12,1.2049435983721521,0.0722066298730323,1.5245764495924028,0.20955051244302392
10.13,1.2074491785023487,0.07469859866841974,1.523755300830294,0.20707035193456974
10.14,1.209923916490052,0.07717858324817169,1.5229413882507448,0.2046311623268276
10.15,1.21236824515785,0.07964652604156731,1.5221346735943135,0.20223223425786316
10.16,1.2147825903354281,0.08210237289090196,1.5213351203424381,0.1998728690727933
10.17,1.2171673709881095,0.08454607294960154,1.520542693553168,0.19755237880273754
10.18,1.219522999342673,0.0869775785836941,1.5197573597074112,0.19527008613294825
10.19,1.2218498810105243,0.08939684527650613,1.5189790865651225,0.19302532436097325
10.2,1.2241484151082855,0.09180383153645778,1.5182078430308534,0.1908174373456499
10.21,1.2264189943758723,0.09419849880783703,1.5174435990281518,0.18864577944768168
10.22,1.2286620052921216,0.09658081138443766,1.5166863253823037,0.18650971546250097
10.23,1.2308778281880335,0.09895073632595217,1.5159359937109553,0.1844086205460783
10.24,1.2330668373576859,0.1013082433770146,1.5151925763221565,0.1823418801342957
10.25,1.2352294011668805,0.1036533048887939,1.5144560461194232,0.1803088898564649
10.26,1.2373658821595774,0.10598589574304201,1.5137263765133933,0.17830905544353126
10.27,1.2394766371621706,0.10830599327850575,1.5130035413397354,0.1763417926314738
10.28,1.2415620173856583,0.11061357721961523,1.5122875147829216,0.17440652706037477
10.29,1.2436223685257586,0.11290862960736528,1.511578271305545,0.17250269416960481
10.3,1.2456580308610192,0.11519113473231019,1.5108757855828603,0.17062973908953938
10.31,1.2476693393489702,0.11746107906959519,1.51018003244225,0.16878711653019507
10.32,1.2496566237203628,0.11971845121595173,1.509490986807319,0.16697429066714894
10.33,1.2516202085715438,0.12196324182858614,1.5088086236463703,0.16519073502508047
10.34,1.2535604134550038,0.12419544356589482,1.5081329179249794,0.1634359323592511
10.35,1.2554775529681448,0.1264150510299414,1.5074638445624615,0.1617093745352185
10.36,1.257371936840306,0.1286220607106342,1.5068013783919618,0.160010562407058
10.37,1.2592438700180892,0.13081647093154475,1.5061454941240005,0.15833900569434953
10.38,1.2610936527490197,0.13299828179731069,1.5054961663132271,0.15669422285816653
10.39,1.2629215806635814,0.13516749514256837,1.50485336932822,0.1550757409762893
10.4,1.264727944855663,0.13732411448236304,1.504217077324138,0.1534830956178483
10.41,1.2665130319614488,0.13946814496398616,1.5035872642180468,0.1519158307175879
10.42,1.2682771242367892,0.14159959332019173,1.502963903666781,0.15037349844992928
10.43,1.2700204996330842,0.14371846782374526,1.5023469690471511,0.14885565910299384
10.44,1.271743431871711,0.14582477824326073,1.5017364334383858,0.14736188095274144
10.45,1.2734461905170296,0.1479185358002829,1.5011322696066514,0.14589174013736222
10.46,1.275129041047994,0.1499997531275735,1.5005344499915265,0.14444482053205174
10.47,1.2767922449284013,0.15206844422856186,1.499942946694303,0.14302071362428834
10.48,1.2784360596758049,0.15412462443792202,1.4993577314680087,0.14161901838972316
10.49,1.2800607389291239,0.15616831038323936,1.4987787757090283,0.1402393411687825
10.5,1.2816665325149723,0.15819951994773154,1.498206050450227,0.13888129554407516
10.51,1.2832536865127373,0.16021827223398988,1.497639526355482,0.1375445022186895
10.52,1.2848224433184314,0.16222458752870844,1.497079173715518,0.13622858889545647
10.53,1.286373041707345,0.1642184872683691,1.4965249624449748,0.13493319015724942
10.54,1.2879057168955228,0.16619999400585256,1.4959768620806042,0.13365794734838318
10.55,1.2894207006000902,0.1681691313779457,1.4954348417805425,0.13240250845717116
10.56,1.2909182210984511,0.1701259240737175,1.4948988703245625,0.131166527999691
10.57,1.292398503286382,0.17207039780373573,1.494368916115253,0.12994966690480608
10.58,1.2938617687350442,0.17400257927009902,1.493844947180046,0.1287515924004836
10.59,1.2953082357469354,0.17592249613725813,1.4933269311740398,0.12757197790144653
10.6,1.2967381194108034,0.17783017700360287,1.492814835383554,0.12641050289819167
10.61,1.2981516316555426,0.17972565137379065,1.4923086267303654,0.125266852847402
10.62,1.2995489813030923,0.18160894963179397,1.4918082717765646,0.12414071906377791
10.63,1.300930374120359,0.18348010301464523,1.4913137367300004,0.12303179861330885
10.64,1.3022960128701813,0.1853391435868576,1.4908249874502366,0.1219397942080016
10.65,1.3036460973613548,0.1871861042155013,1.490341989455019,0.12086441410208223
10.66,1.3049808244977397,0.18902101854591608,1.489864707927166,0.11980537198968066
10.67,1.3063003883264646,0.19084392097804032,1.489393107721882,0.11876238690400934
10.68,1.3076049800852487,0.19265484664333876,1.4889271533744313,0.11773518311804117
10.69,1.3088947882488566,0.19445383138231107,1.4884668091081517,0.11672349004669164
10.7,1.3101699985747042,0.19624091172256372,1.488012038842768,0.11572704215050715
10.71,1.3114307941476322,0.19801612485742928,1.4875628062029849,0.11474557884086009
10.72,1.3126773554238647,0.19977950862511637,1.4871190745273113,0.11377884438664836
10.73,1.3139098602741655,0.20153110148837533,1.4866808068771127,0.11282658782249698
10.74,1.3151284840262125,0.20327094251466432,1.4862479660458454,0.11188856285845619
10.75,1.3163333995062017,0.20499907135680162,1.4858205145684666,0.11096452779119038
10.76,1.3175247770796963,0.20671552823408995,1.4853984147309762,0.1100542454166495
10.77,1.3187027846917387,0.20842035391389935,1.4849816285800927,0.1091574829442151
10.78,1.3198675879062352,0.21011358969369553,1.4845701179330273,0.10827401191231044
10.79,1.321019349944631,0.21179527738350118,1.4841638443873402,0.10740360810546387
10.8,1.3221582317238876,0.21346545928877764,1.483762769330865,0.0988280417789628
10.81,1.3232836222117987,0.21511158696604482,1.4869088571268703,0.09271498934773023
10.82,1.3243965667381412,0.2167481805959428,1.488681469182423,0.08645690349203453
10.83,1.3254969761480633,0.2183711666648367,1.4906226942080225,0.08080578348073199
10.84,1.326585099014327,0.2199821421507239,1.492278481169775,0.07549033064778331
10.85,1.327661074517792,0.22158093189341616,1.4938070854677952,0.07055482329943884
10.86,1.328725069181153,0.22316786514191253,1.4951778788772996,0.06595078991435191
10.87,1.329777236041159,0.22474308921647865,1.496416153663252,0.06166047814389015
10.88,1.3308177273680188,0.22630678070757496,1.497528922061576,0.05765939718300618
10.89,1.331846691232754,0.22785908554382192,1.4985274530972719,0.05392734660215782
10.9,1.3328642728502726,0.22940013986599642,1.499420620947366,0.05044493907980968
10.91,1.3338706144595167,0.23093006640284072,1.5002169941209984,0.047194463265889955
10.92,1.3348658555994126,0.2324489777574062,1.5009243076489636,0.044159475352888174
10.93,1.335850133237426,0.23395697735477006,1.5015497016787864,0.04132477900123054
10.94,1.3368235819148808,0.23545416081542145,1.5020997258793962,0.03867630351098214
10.95,1.3377863338650464,0.2369406169812151,1.5025804051344163,0.03620102254006048
10.96,1.338738519120075,0.23841642884954647,1.5029972808847454,0.03388687086283491
10.97,1.3396802656049374,0.23988167436816532,1.5033554537493536,0.03172267054516372
10.98,1.3406116992212473,0.24133642712693767,1.5036596206368715,0.029698062438654596
10.99,1.3415329439221395,0.2427807569556198,1.503914108843931,0.02780344343981529
11.0,1.342444121779556,0.24421473044178285,1.5041229069048723,0.02602990874027489
11.01,1.3433453530449897,0.24563841137927367,1.5042896926797749,0.024369198709005616
11.02,1.3442367562046,0.24705186115667363,1.5044178589138475,0.022813649989036313
11.03,1.3451184480294733,0.2484551390937757,1.5045105365304734,0.02135615045866531
11.04,1.3459905436216895,0.24984830273304265,1.504570615875302,0.01999009773299616
11.05,1.3546166719723325,0.25123140809204914,1.5046007661093304,0.01870936091373594
11.06,1.362343285028378,0.25261763018818945,1.5033544790725264,0.016951973393358206
11.07,1.3692623079556665,0.25400021425595787,1.5026714593889783,0.015557610904008498
11.08,1.375459121512301,0.2553787515856389,1.5020148915044411,0.014268301840115568
11.09,1.3810093359566837,0.25675160530779745,1.501489272548523,0.01312316138337308
11.1,1.3859807645256295,0.2581178287406077,1.5010366920165361,0.012087586406283385
11.11,1.3904340311364067,0.2594765833361965,1.5006487085967035,0.01115062645767187
11.12,1.3944233860097526,0.2608272349618339,1.5003087464953,0.010298412221890789
11.13,1.3979973686164195,0.26216928212716994,1.5000063418668896,0.009520580050593756
11.14,1.4011994151614213,0.26350233788969946,1.499732561155435,0.00880808178642836
11.15,1.4040683975587152,0.264826105010944,1.4994805632645902,0.008153359979963092
11.16,1.4066391058552807,0.2661403587640315,1.4992449406454293,0.007549976718498517
11.17,1.4089426791314343,0.2674449324409732,1.4990214848465377,0.006992446140172604
11.18,1.4110069906657774,0.2687397059100907,1.4988069241948678,0.0064760630926052175
11.19,1.4128569922074687,0.2700245963855156,1.4985987342697418,0.005996772531831058
11.2,1.4145150217439402,0.2712995510287744,1.4983949817086621,0.0055510605911308
11.21,1.4160010786599329,0.27256454100427885,1.4981942009014482,0.00513586612294217
11.22,1.4173330697671667,0.27381955670507807,1.497995295304232,0.004748508098501178
11.23,1.4185270293084742,0.27506460391687276,1.4977974588222147,0.004386626062334617
11.24,1.4195973157069464,0.2762997007355687,1.497600113123709,0.004048131139970305
11.25,1.420556787533358,0.2775248750899336,1.497402857714623,0.0037311656347573567
11.26,1.4291585212015105,0.2787401627503461,1.4972054302092381,0.003434069610315648
11.27,1.4288913150767568,0.2799462115643572,1.4969489634415591,0.0031300780824821696
11.28,1.428899513213453,0.281142181536751,1.4967753564577788,0.002880292516227076
11.29,1.4288992649813856,0.2823283751360543,1.4965797384686093,0.0026364047487409535
11.3,1.4288992724036458,0.2835048061252544,1.4963871213871274,0.002408580746863469
11.31,1.4288992721845244,0.28467155510880804,1.496192066942212,0.0021933794733765507
11.32,1.4288992721909113,0.2858286867750207,1.4959961978085448,0.0019905981844993213
11.33,1.4288992721907277,0.2869762690177986,1.4957994773072112,0.0017993527705760365
11.34,1.428899272190733,0.2881143685613594,1.4956022229953443,0.0016189766090150936
11.35,1.4288992721907328,0.28924305196012357,1.495404647809411,0.0014488106463611261
11.36,1.4288992721907325,0.29036238537810305,1.4952069659835654,0.0012882469952102415
11.37,1.4288992721907325,0.29147243464256833,1.495009370822615,0.0011367154061167602
11.38,1.4288992721907325,0.2925732652360211,1.4948120411638517,0.0009936828541736173
11.39,1.4288992721907328,0.2936649423014473,1.4946151413270112,0.0008586504578785529
11.4,1.4288992721907325,0.294747530644311,1.4944188224008659,0.0007311512231085661
11.41,1.4288992721907325,0.29582109473495966,1.494223223140903,0.0006107478226065458
11.42,1.4288992721907325,0.2968856987106765,1.494028470863799,0.0004970305670501788
11.43,1.4288992721907328,0.29794140637757627,1.4938346822617927,0.00038961551833227164
11.44,1.4288992721907328,0.29898828121233006,1.4936419641598906,0.00028814274150716217
11.45,1.4288992721907325,0.30002638636374546,1.4934504142168095,0.00019227468314169863
11.46,1.4288992721907328,0.30105578465421856,1.4932601215747903,0.0001016946667227017
11.47,1.4288992721907328,0.3020765385810721,1.493071167462086,1.6105496118240398e-05
11.48,1.4288992721907328,0.3030887103177938,1.4928836257518032,-6.477184110552123e-05
11.49,1.4288992721907328,0.3040923617151862,1.492697563480434,-0.0001411993780750608
11.5,1.4288992721907328,0.30508755430243856,1.4925130413291554,-0.00021342328766453728
11.51,1.4288992721907328,0.3060743492881296,1.4923301140707326,-0.00028167492261748034
11.52,1.4288992721907325,0.30705280756117015,1.492148830984619,-0.0003461717826398636
11.53,1.4288992721907325,0.30802298969169184,1.4919692362426433,-0.00040711841390175303
11.54,1.4288992721907325,0.30898495593188907,1.4917913692674976,-0.0004647072459542686
11.55,1.4288992721907328,0.3099387662168196,1.491615265066042,-0.000519119370685985
11.56,1.4288992721907325,0.31088448016516884,1.4914409545393015,-0.000570525267577928
11.57,1.4288992721907328,0.3118221570799824,1.491268464770869,-0.0006190854791902223
11.58,1.4288992721907325,0.31275185594937105,1.4910978192953142,-0.0006649512405027395
11.59,1.4288992721907328,0.3136736354471917,1.4909290383480396,-0.0007082650654688904
11.6,1.4288992721907328,0.31458755393370724,1.4907621390979615,-0.0007491612938626476
11.61,1.428899272190733,0.3154936694562286,1.4905971358642378,-0.0007877666012870575
11.62,1.4288992721907325,0.3163920397497414,1.4904340403182001,-0.0008242004749802918
11.63,1.4288992721907325,0.3172827222375194,1.4902728616715615,-0.0008585756578566649
11.64,1.4288992721907325,0.31816577403172713,1.4901136068518666,-0.0008909985630450555
11.65,1.4288992721907328,0.31904125193401317,1.4899562806661053,-0.0009215696610064108
11.66,1.4288992721907325,0.32772085695484343,1.4898008859533116,-0.00095038384116854
11.67,1.4288992721907325,0.33567238289725804,1.4882476396886808,-0.001577735564161915
11.68,1.4288992721907328,0.3429212263515949,1.4871535077100786,-0.0019906498530364134
11.69,1.4288992721907328,0.34952743347035165,1.48619112975192,-0.002339147594771747
11.7,1.4288992721907325,0.35554198131610565,1.4853811731379538,-0.0026182335635459124
11.71,1.4288992721907328,0.36101322177099554,1.4846971004581333,-0.0028423899410100952
11.72,1.4288992721907325,0.3659861652611847,1.4841214105336857,-0.003021210356520509
11.73,1.4288992721907328,0.37050271012182495,1.4836380605689963,-0.0031629647324405894
11.74,1.4288992721907328,0.3746017642038443,1.4832331589206111,-0.0032744841108452143
11.75,1.4288992721907328,0.37831938344681654,1.4828946687652367,-0.003361431032620395
11.76,1.4288992721907328,0.3816889127107977,1.482612222095449,-0.0034284863899369878
11.77,1.4288992721907325,0.3847411290344872,1.4823769306454257,-0.0034795104924052146
11.78,1.4288992721907325,0.3875043859167083,1.4821812087025805,-0.0035176783169714398
11.79,1.4288992721907328,0.3900047573503198,1.4820186088738412,-0.003545593475413232
11.8,1.4288992721907325,0.39226618038462024,1.4818836720734827,-0.0035653842008586565
11.81,1.4288992721907328,0.39431059509544486,1.4817717921642772,-0.0035787841229083604
11.82,1.4288992721907328,0.3961580809739305,1.4816790951255776,-0.003587200147235716
11.83,1.4288992721907328,0.3978269888936634,1.4816023322088807,-0.003591769394627511
